Sample	0	1	2	3	4	5	6	7	8	9	10	11	12	13	14	15	16	17	18	19	20	21	22	23	24	25	26	27	28	29	30	31	32	33	34	35	36	37	38	39	40	41	42	43	44	45	46	47	48	49	50	51	52	53	54	55	56	57	58	59	60	61	62	63	64	65	66	67	68	69	70	71	72	73	74	75	76	77	78	79	80	81	82	83	84	85	86	87	88	89	90	91	92	93	94	95	96	97	98	99	100
DRR898354_1	(0.0, 0.015846754763507498)	(1.0, 0.007923377381753749)	(2.0, 0.0)	(3.0, 0.0)	(4.0, 0.0)	(5.0, 0.0)	(6.0, 0.0)	(7.0, 0.0)	(8.0, 0.0)	(9.0, 0.0)	(10.0, 0.0)	(11.0, 0.0)	(12.0, 0.0)	(13.0, 0.0)	(14.0, 0.0)	(15.0, 0.0)	(16.0, 0.0)	(17.0, 0.0)	(18.0, 0.0)	(19.0, 0.0)	(20.0, 0.0)	(21.0, 0.00011238833165608154)	(22.0, 0.00022477666331216308)	(23.0, 0.00022477666331216308)	(24.0, 0.0004776504095383465)	(25.0, 0.0006836956842411628)	(26.0, 0.000992763596295387)	(27.0, 0.0013673913684823257)	(28.0, 0.0016108994204038357)	(29.0, 0.0022945951046449984)	(30.0, 0.0032217988408076706)	(31.0, 0.005385274225187242)	(32.0, 0.00960920235659497)	(33.0, 0.014086004234228879)	(34.0, 0.020145608449352634)	(35.0, 0.027778649307661538)	(36.0, 0.0412371520234772)	(37.0, 0.06042745965375299)	(38.0, 0.08344833625464088)	(39.0, 0.11048709571223375)	(40.0, 0.14881151680695634)	(41.0, 0.2021304144834601)	(42.0, 0.26838333599472225)	(43.0, 0.353620519861562)	(44.0, 0.46722639177725883)	(45.0, 0.6081051655081329)	(46.0, 0.7830469694251061)	(47.0, 1.000874287563204)	(48.0, 1.2449161840601515)	(49.0, 1.5416775737981139)	(50.0, 1.8755083815939488)	(51.0, 2.2803217865246284)	(52.0, 2.7734255916654353)	(53.0, 3.2630078957476534)	(54.0, 3.743149579970876)	(55.0, 4.287258956295802)	(56.0, 4.851654426484664)	(57.0, 5.315659019421644)	(58.0, 5.691663548671818)	(59.0, 5.9918340511369435)	(60.0, 6.140345865726298)	(61.0, 6.158131319210889)	(62.0, 6.014330448856672)	(63.0, 5.701956446712497)	(64.0, 5.284134092391995)	(65.0, 4.721499372732456)	(66.0, 4.091253705887473)	(67.0, 3.4895172125062537)	(68.0, 2.8970808535700945)	(69.0, 2.3141694057417332)	(70.0, 1.8092929228598256)	(71.0, 1.3488566594534017)	(72.0, 0.966745697516995)	(73.0, 0.683105645499965)	(74.0, 0.4625716417078243)	(75.0, 0.2959934028049002)	(76.0, 0.19539648027840228)	(77.0, 0.12665228408209925)	(78.0, 0.0777820912003131)	(79.0, 0.04863605052416929)	(80.0, 0.030091975800915834)	(81.0, 0.017729259318746863)	(82.0, 0.009777784854079095)	(83.0, 0.006209455323998505)	(84.0, 0.004158368271275017)	(85.0, 0.002303960798949672)	(86.0, 0.0012924658140449378)	(87.0, 0.0006462329070224689)	(88.0, 0.0001685824974841223)	(89.0, 8.429124874206115e-05)	(90.0, 8.429124874206115e-05)	(91.0, 8.429124874206115e-05)	(92.0, 0.0)	(93.0, 2.8097082914020385e-05)	(94.0, 2.8097082914020385e-05)	(95.0, 0.0)	(96.0, 0.0)	(97.0, 0.0)	(98.0, 0.0)	(99.0, 0.0)	(100.0, 0.0)
DRR898354_2	(0.0, 0.015191583234811125)	(1.0, 0.007595791617405563)	(2.0, 0.0)	(3.0, 0.0)	(4.0, 0.0)	(5.0, 0.0)	(6.0, 0.0)	(7.0, 0.0)	(8.0, 0.0)	(9.0, 0.0)	(10.0, 0.0)	(11.0, 3.9254737040855614e-05)	(12.0, 6.869578982149733e-05)	(13.0, 2.9441052780641712e-05)	(14.0, 0.0)	(15.0, 2.9441052780641712e-05)	(16.0, 0.00015701894816342246)	(17.0, 0.00014720526390320858)	(18.0, 5.8882105561283425e-05)	(19.0, 0.0)	(20.0, 0.0)	(21.0, 8.832315834192514e-05)	(22.0, 0.00029441052780641717)	(23.0, 0.0002355284222451337)	(24.0, 0.0003532926333677006)	(25.0, 0.0006771442139547595)	(26.0, 0.0009617410575009625)	(27.0, 0.00103043684732246)	(28.0, 0.0014426115862514442)	(29.0, 0.004053051599468342)	(30.0, 0.004965724235668235)	(31.0, 0.0058882105561283435)	(32.0, 0.009990330576897752)	(33.0, 0.014151332703228445)	(34.0, 0.01871469588422792)	(35.0, 0.028253596985155876)	(36.0, 0.04147262968366389)	(37.0, 0.05758669923893499)	(38.0, 0.07913754987436505)	(39.0, 0.1111497879311834)	(40.0, 0.15082651339522696)	(41.0, 0.20266239365767513)	(42.0, 0.2781885077242824)	(43.0, 0.364156381843762)	(44.0, 0.4793395940058996)	(45.0, 0.6264663484350066)	(46.0, 0.8029065777493738)	(47.0, 1.0176398030471079)	(48.0, 1.25792786215851)	(49.0, 1.5665584184580372)	(50.0, 1.9172602391811073)	(51.0, 2.3284437959996462)	(52.0, 2.8046135699892942)	(53.0, 3.305278299892403)	(54.0, 3.8228520077758974)	(55.0, 4.36009233891737)	(56.0, 4.881483569978927)	(57.0, 5.329056268034844)	(58.0, 5.686127169842975)	(59.0, 5.952882735404416)	(60.0, 6.1140332446414805)	(61.0, 6.144750076375936)	(62.0, 5.978633842903123)	(63.0, 5.642161864357108)	(64.0, 5.213608086397575)	(65.0, 4.661244867810953)	(66.0, 4.031559630938048)	(67.0, 3.4251622668152635)	(68.0, 2.858274795524176)	(69.0, 2.311210966438706)	(70.0, 1.7943732848746137)	(71.0, 1.3451715152317993)	(72.0, 0.9691896438544527)	(73.0, 0.6827772687201188)	(74.0, 0.46987920237904385)	(75.0, 0.30361576364249826)	(76.0, 0.18942373359064857)	(77.0, 0.12245515219894915)	(78.0, 0.07722388144362322)	(79.0, 0.0491273034066308)	(80.0, 0.030814968577071666)	(81.0, 0.018008110617492516)	(82.0, 0.00982349794447412)	(83.0, 0.006378894769139039)	(84.0, 0.004514294759698396)	(85.0, 0.0025711852761760427)	(86.0, 0.001442611586251444)	(87.0, 0.0010696915843633158)	(88.0, 0.00048087052875048144)	(89.0, 0.0006378894769139038)	(90.0, 0.0004416157917096258)	(91.0, 0.00012757789538278075)	(92.0, 0.0001766463166838503)	(93.0, 0.0001766463166838503)	(94.0, 9.813684260213905e-05)	(95.0, 0.00013739157964299465)	(96.0, 8.832315834192514e-05)	(97.0, 0.00015701894816342246)	(98.0, 0.00011776421112256685)	(99.0, 0.00015701894816342246)	(100.0, 0.00017664631668385026)
DRR898355_1	(0.0, 0.0)	(1.0, 0.0)	(2.0, 0.0)	(3.0, 0.0)	(4.0, 0.0)	(5.0, 0.0)	(6.0, 0.0)	(7.0, 0.0)	(8.0, 0.0)	(9.0, 0.0)	(10.0, 0.0)	(11.0, 0.0)	(12.0, 8.856803641563386e-06)	(13.0, 2.6570410924690157e-05)	(14.0, 2.6570410924690157e-05)	(15.0, 2.6570410924690157e-05)	(16.0, 4.4284018207816926e-05)	(17.0, 0.00010628164369876063)	(18.0, 0.00022142009103908464)	(19.0, 0.000460553789361296)	(20.0, 0.0007793987204575779)	(21.0, 0.0013639477608007613)	(22.0, 0.0022142009103908464)	(23.0, 0.0036224326893994243)	(24.0, 0.006943734054985694)	(25.0, 0.011062147748312668)	(26.0, 0.015738540071058134)	(27.0, 0.022150865907550027)	(28.0, 0.031583361785815035)	(29.0, 0.04437258624423256)	(30.0, 0.06078424339204952)	(31.0, 0.0832362406234127)	(32.0, 0.10716732406291696)	(33.0, 0.1344639928862153)	(34.0, 0.1656753689190847)	(35.0, 0.20243110403157272)	(36.0, 0.24715796242146784)	(37.0, 0.2963132226321446)	(38.0, 0.35147339571180136)	(39.0, 0.4148969665890368)	(40.0, 0.48416602786970403)	(41.0, 0.5596702789140319)	(42.0, 0.6478486159694369)	(43.0, 0.7608614304357857)	(44.0, 0.9020654508932308)	(45.0, 1.0500714965473965)	(46.0, 1.2332833366767766)	(47.0, 1.4611954647851273)	(48.0, 1.6960778973593882)	(49.0, 1.974128390882629)	(50.0, 2.3165501332727527)	(51.0, 2.6849843079581484)	(52.0, 3.0889696924607786)	(53.0, 3.482610330310063)	(54.0, 3.8957536497780705)	(55.0, 4.35298613777378)	(56.0, 4.757325794422074)	(57.0, 5.082866469071377)	(58.0, 5.324240938714905)	(59.0, 5.483813969924952)	(60.0, 5.561257860966782)	(61.0, 5.531135871781824)	(62.0, 5.342379672572826)	(63.0, 5.0383610307725215)	(64.0, 4.626023680435896)	(65.0, 4.11691689351155)	(66.0, 3.6079518154454684)	(67.0, 3.0977556416732095)	(68.0, 2.5625655680244592)	(69.0, 2.048126985307891)	(70.0, 1.5744296993425153)	(71.0, 1.1508087811665384)	(72.0, 0.8160393171227256)	(73.0, 0.5592894363574447)	(74.0, 0.3684518882926784)	(75.0, 0.23513042307622475)	(76.0, 0.14239083214541454)	(77.0, 0.08184572245168724)	(78.0, 0.04699420012213532)	(79.0, 0.025578448916835056)	(80.0, 0.012080680167092458)	(81.0, 0.005916344832564341)	(82.0, 0.002577329859694945)	(83.0, 0.0008856803641563386)	(84.0, 0.00038969936022878893)	(85.0, 0.0002922745201715917)	(86.0, 0.00013285205462345076)	(87.0, 2.6570410924690157e-05)	(88.0, 5.3140821849380315e-05)	(89.0, 4.4284018207816926e-05)	(90.0, 3.542721456625354e-05)	(91.0, 2.6570410924690157e-05)	(92.0, 2.6570410924690157e-05)	(93.0, 1.771360728312677e-05)	(94.0, 0.0)	(95.0, 2.6570410924690157e-05)	(96.0, 6.19976254909437e-05)	(97.0, 5.3140821849380315e-05)	(98.0, 4.4284018207816926e-05)	(99.0, 3.542721456625354e-05)	(100.0, 1.771360728312677e-05)
DRR898355_2	(0.0, 1.7770786355519153e-05)	(1.0, 8.885393177759577e-06)	(2.0, 0.0)	(3.0, 0.0)	(4.0, 0.0)	(5.0, 0.0)	(6.0, 0.0)	(7.0, 0.0)	(8.0, 0.0)	(9.0, 0.0)	(10.0, 0.0)	(11.0, 0.0)	(12.0, 8.885393177759577e-06)	(13.0, 8.885393177759577e-06)	(14.0, 0.0)	(15.0, 4.442696588879788e-05)	(16.0, 7.996853859983619e-05)	(17.0, 0.00012439550448863407)	(18.0, 0.00027544718851054686)	(19.0, 0.0004798112315990171)	(20.0, 0.0008618831382426789)	(21.0, 0.0012706112244196194)	(22.0, 0.0020969527899512602)	(23.0, 0.003962885357280771)	(24.0, 0.0069394920718302295)	(25.0, 0.011435501019776575)	(26.0, 0.01614475940398915)	(27.0, 0.02219571215804342)	(28.0, 0.032653819928266443)	(29.0, 0.046266242276594115)	(30.0, 0.06239323089422775)	(31.0, 0.08441123518871597)	(32.0, 0.10857950463222202)	(33.0, 0.13261449317806168)	(34.0, 0.16407767042050833)	(35.0, 0.2048616251064248)	(36.0, 0.24872881122502385)	(37.0, 0.2973496826937242)	(38.0, 0.34845846425219734)	(39.0, 0.4100520097604267)	(40.0, 0.48213920461159016)	(41.0, 0.5583403365040562)	(42.0, 0.6450795447053453)	(43.0, 0.7602431256822871)	(44.0, 0.9088335557939605)	(45.0, 1.0665670554855484)	(46.0, 1.2467628291305126)	(47.0, 1.4547343418491534)	(48.0, 1.6812407847366004)	(49.0, 1.9723084944536486)	(50.0, 2.3171594890756757)	(51.0, 2.6802699666779985)	(52.0, 3.087754097810053)	(53.0, 3.4904845435920056)	(54.0, 3.909608539786925)	(55.0, 4.36138635591011)	(56.0, 4.752148177081621)	(57.0, 5.083209041491765)	(58.0, 5.340076872867617)	(59.0, 5.489084916458645)	(60.0, 5.547879563115879)	(61.0, 5.514061756681327)	(62.0, 5.319391677549793)	(63.0, 4.990676556938577)	(64.0, 4.567189832693377)	(65.0, 4.06846159901891)	(66.0, 3.5638334642744107)	(67.0, 3.0483207228871554)	(68.0, 2.5194354647673727)	(69.0, 2.005255532356781)	(70.0, 1.5293716445423338)	(71.0, 1.1164141112127797)	(72.0, 0.7898314849642265)	(73.0, 0.5409605074483586)	(74.0, 0.3572905450708903)	(75.0, 0.22616879794669226)	(76.0, 0.13651518078309813)	(77.0, 0.08035061050647985)	(78.0, 0.04770567597139117)	(79.0, 0.02808672783489802)	(80.0, 0.015842656035945327)	(81.0, 0.009525141486558265)	(82.0, 0.005775505565543725)	(83.0, 0.004016197716347329)	(84.0, 0.0035452718779260713)	(85.0, 0.0034119909802596774)	(86.0, 0.0033497932280153603)	(87.0, 0.003314251655304322)	(88.0, 0.0031365437917491306)	(89.0, 0.0031276583985713705)	(90.0, 0.00336756401437088)	(91.0, 0.0031987415439934477)	(92.0, 0.003278710082593284)	(93.0, 0.0036696673824147047)	(94.0, 0.004149478614013722)	(95.0, 0.004718143777390335)	(96.0, 0.006237546010787223)	(97.0, 0.010395910017978705)	(98.0, 0.019130251511716368)	(99.0, 0.04273874118502356)	(100.0, 0.3530344417387435)
DRR898359_1	(0.0, 0.0)	(1.0, 0.0)	(2.0, 0.0)	(3.0, 0.0)	(4.0, 0.0)	(5.0, 0.0)	(6.0, 0.0)	(7.0, 0.0)	(8.0, 0.0)	(9.0, 0.0)	(10.0, 0.0)	(11.0, 0.0)	(12.0, 0.0)	(13.0, 0.0)	(14.0, 0.0)	(15.0, 2.8711788198880814e-05)	(16.0, 0.00014355894099440407)	(17.0, 0.00011484715279552326)	(18.0, 0.00043067682298321224)	(19.0, 0.0010623361633585902)	(20.0, 0.0016652837155350872)	(21.0, 0.002497925573302631)	(22.0, 0.003789956042252268)	(23.0, 0.006747270226736992)	(24.0, 0.010422379116193736)	(25.0, 0.015877618873981092)	(26.0, 0.022136788701337107)	(27.0, 0.029171176810062906)	(28.0, 0.04166080467657606)	(29.0, 0.05748099997415939)	(30.0, 0.07554071475125541)	(31.0, 0.09940021074452537)	(32.0, 0.12627444449867783)	(33.0, 0.15510107985035415)	(34.0, 0.18493262778899133)	(35.0, 0.21927192647485277)	(36.0, 0.2661008530272274)	(37.0, 0.31795434251440613)	(38.0, 0.37483239493638904)	(39.0, 0.4365627395639828)	(40.0, 0.4996712500251228)	(41.0, 0.5793177504888182)	(42.0, 0.6739518043923294)	(43.0, 0.7851238482983959)	(44.0, 0.9214761304548809)	(45.0, 1.0738208786381425)	(46.0, 1.2421868046363795)	(47.0, 1.4402120078440606)	(48.0, 1.6912965956432733)	(49.0, 1.981170809299174)	(50.0, 2.2985222042614035)	(51.0, 2.659716499803324)	(52.0, 3.0739414681485777)	(53.0, 3.477772769165836)	(54.0, 3.8905908598893446)	(55.0, 4.353597156384497)	(56.0, 4.782493848499379)	(57.0, 5.126260088604578)	(58.0, 5.361668040047203)	(59.0, 5.53155569081998)	(60.0, 5.58079640758106)	(61.0, 5.519640298717444)	(62.0, 5.337033325772563)	(63.0, 5.028668720516583)	(64.0, 4.617487201720411)	(65.0, 4.091027853305731)	(66.0, 3.5658892471482018)	(67.0, 3.044741579550316)	(68.0, 2.511161707662315)	(69.0, 2.0036234276706986)	(70.0, 1.5274097086040617)	(71.0, 1.1046860509519394)	(72.0, 0.7812764686797459)	(73.0, 0.5408152425141189)	(74.0, 0.35246591192946086)	(75.0, 0.21519485255061171)	(76.0, 0.1261883091340812)	(77.0, 0.07045872824005352)	(78.0, 0.042177616864155915)	(79.0, 0.02437630818084981)	(80.0, 0.010910479515574709)	(81.0, 0.005455239757787354)	(82.0, 0.002497925573302631)	(83.0, 0.0006029475521764971)	(84.0, 0.0002009825173921657)	(85.0, 0.000315829670187689)	(86.0, 0.0002009825173921657)	(87.0, 0.0)	(88.0, 8.613536459664244e-05)	(89.0, 8.613536459664244e-05)	(90.0, 2.8711788198880814e-05)	(91.0, 2.8711788198880814e-05)	(92.0, 0.0)	(93.0, 2.8711788198880814e-05)	(94.0, 5.742357639776163e-05)	(95.0, 5.742357639776163e-05)	(96.0, 5.742357639776163e-05)	(97.0, 2.8711788198880814e-05)	(98.0, 0.0002009825173921657)	(99.0, 0.00034454145838656977)	(100.0, 0.00014355894099440407)
DRR898359_2	(0.0, 0.0)	(1.0, 0.0)	(2.0, 0.0)	(3.0, 0.0)	(4.0, 0.0)	(5.0, 0.0)	(6.0, 0.0)	(7.0, 0.0)	(8.0, 0.0)	(9.0, 0.0)	(10.0, 0.0)	(11.0, 0.0)	(12.0, 0.0)	(13.0, 0.0)	(14.0, 0.0)	(15.0, 0.00011508320803649058)	(16.0, 0.0002013956140638585)	(17.0, 0.0002877080200912265)	(18.0, 0.0004315620301368397)	(19.0, 0.0006617284462098208)	(20.0, 0.001380998496437887)	(21.0, 0.002100268546665953)	(22.0, 0.0035963502511403306)	(23.0, 0.00641588884803435)	(24.0, 0.00955190626702872)	(25.0, 0.014615567420634305)	(26.0, 0.02183703872492409)	(27.0, 0.028972197623186504)	(28.0, 0.041717662913227836)	(29.0, 0.05339860852893163)	(30.0, 0.06850327958372102)	(31.0, 0.09327494011357562)	(32.0, 0.1174999554052569)	(33.0, 0.14212776192506588)	(34.0, 0.17268235365875412)	(35.0, 0.2076388780998381)	(36.0, 0.25206099640192353)	(37.0, 0.3052294385147821)	(38.0, 0.3573621317553124)	(39.0, 0.4133213416630559)	(40.0, 0.47888999944184646)	(41.0, 0.5507306920586257)	(42.0, 0.6396036994648056)	(43.0, 0.7510905572501558)	(44.0, 0.8787466057646329)	(45.0, 1.0237514478906111)	(46.0, 1.2037703560616915)	(47.0, 1.410805047319338)	(48.0, 1.648682038330764)	(49.0, 1.939583617445003)	(50.0, 2.2668227194967643)	(51.0, 2.630658281704129)	(52.0, 3.0341400090800654)	(53.0, 3.452870261520836)	(54.0, 3.8793110889000517)	(55.0, 4.323100709890769)	(56.0, 4.7334874297488945)	(57.0, 5.073558309496724)	(58.0, 5.368085009664112)	(59.0, 5.546751690140764)	(60.0, 5.5910011836307945)	(61.0, 5.56720773036925)	(62.0, 5.401228973578622)	(63.0, 5.089698729423842)	(64.0, 4.649908249912393)	(65.0, 4.127545568634762)	(66.0, 3.598191582468915)	(67.0, 3.058710273995856)	(68.0, 2.5289534966018805)	(69.0, 2.0176963448997713)	(70.0, 1.5382884710217604)	(71.0, 1.127872980361626)	(72.0, 0.8059277058795435)	(73.0, 0.5495223183742426)	(74.0, 0.35362192749412646)	(75.0, 0.22147763386622613)	(76.0, 0.13369791693639294)	(77.0, 0.07796887344472236)	(78.0, 0.04870896780144464)	(79.0, 0.027792594740812478)	(80.0, 0.013896297370406239)	(81.0, 0.008631240602736793)	(82.0, 0.005006119549587341)	(83.0, 0.0030497050129670005)	(84.0, 0.002992163408948755)	(85.0, 0.0027907677948848966)	(86.0, 0.002531830576802793)	(87.0, 0.00238797656675718)	(88.0, 0.0025030597747936704)	(89.0, 0.0025030597747936704)	(90.0, 0.002157810150684198)	(91.0, 0.0022441225567115665)	(92.0, 0.0022728933587206892)	(93.0, 0.002618142982830161)	(94.0, 0.003107246616985246)	(95.0, 0.002992163408948755)	(96.0, 0.003941599875249802)	(97.0, 0.006761138472143822)	(98.0, 0.011450779199630813)	(99.0, 0.026699304264465814)	(100.0, 0.2250164425133482)
DRR898360_1	(0.0, 0.0)	(1.0, 0.0)	(2.0, 0.0)	(3.0, 0.0)	(4.0, 0.0)	(5.0, 0.0)	(6.0, 0.0)	(7.0, 0.0)	(8.0, 0.0)	(9.0, 0.0)	(10.0, 0.0)	(11.0, 0.0)	(12.0, 0.0)	(13.0, 0.0)	(14.0, 1.482111873064825e-05)	(15.0, 1.482111873064825e-05)	(16.0, 2.96422374612965e-05)	(17.0, 0.000296422374612965)	(18.0, 0.0005780236304952817)	(19.0, 0.001007836073684081)	(20.0, 0.0018674609600616795)	(21.0, 0.0032458250020119665)	(22.0, 0.0054986350490705)	(23.0, 0.009114988019348675)	(24.0, 0.014939687680493436)	(25.0, 0.022394710402009507)	(26.0, 0.03099095926578549)	(27.0, 0.042329115094731404)	(28.0, 0.05878055688575096)	(29.0, 0.08172364868079446)	(30.0, 0.10908343385757112)	(31.0, 0.14186774848976505)	(32.0, 0.1748743799029187)	(33.0, 0.20699174419223348)	(34.0, 0.24989888291746015)	(35.0, 0.3016986928810758)	(36.0, 0.35595880855397904)	(37.0, 0.41762948359220636)	(38.0, 0.4849766471042721)	(39.0, 0.5536873535395573)	(40.0, 0.6291120267598262)	(41.0, 0.7075009237262249)	(42.0, 0.7992732909063988)	(43.0, 0.9302919804853294)	(44.0, 1.0867881731622442)	(45.0, 1.2471082144716663)	(46.0, 1.4247541435772164)	(47.0, 1.6381189688236284)	(48.0, 1.8885069486592)	(49.0, 2.165054203054366)	(50.0, 2.4918746921838903)	(51.0, 2.849700961697931)	(52.0, 3.2240972419528364)	(53.0, 3.6019764851094442)	(54.0, 3.9798260860285906)	(55.0, 4.399323030580859)	(56.0, 4.761921700326168)	(57.0, 5.017615640667312)	(58.0, 5.211890864988649)	(59.0, 5.32257497966913)	(60.0, 5.32920001974173)	(61.0, 5.262164099723008)	(62.0, 5.075091939104766)	(63.0, 4.7475600362761705)	(64.0, 4.321512157244955)	(65.0, 3.8306367048858854)	(66.0, 3.333595667134866)	(67.0, 2.8306854663665093)	(68.0, 2.3272565264425804)	(69.0, 1.8555892439584305)	(70.0, 1.410096057152605)	(71.0, 1.0209231215232435)	(72.0, 0.7243673568417026)	(73.0, 0.49444734197315626)	(74.0, 0.32476035362596445)	(75.0, 0.20149310914316299)	(76.0, 0.11738326034673414)	(77.0, 0.06854767412924816)	(78.0, 0.03853490869968545)	(79.0, 0.02052724944194783)	(80.0, 0.009707832768574605)	(81.0, 0.0046982946376154956)	(82.0, 0.0019860299099068654)	(83.0, 0.0008003404114550056)	(84.0, 0.00042981244318879926)	(85.0, 0.00025195901842102025)	(86.0, 0.0001482111873064825)	(87.0, 1.482111873064825e-05)	(88.0, 5.9284474922593e-05)	(89.0, 8.89267123838895e-05)	(90.0, 2.96422374612965e-05)	(91.0, 2.96422374612965e-05)	(92.0, 5.9284474922593e-05)	(93.0, 8.89267123838895e-05)	(94.0, 8.89267123838895e-05)	(95.0, 4.446335619194475e-05)	(96.0, 8.89267123838895e-05)	(97.0, 8.89267123838895e-05)	(98.0, 2.96422374612965e-05)	(99.0, 4.446335619194475e-05)	(100.0, 4.446335619194475e-05)
DRR898360_2	(0.0, 0.0)	(1.0, 0.0)	(2.0, 0.0)	(3.0, 0.0)	(4.0, 0.0)	(5.0, 0.0)	(6.0, 0.0)	(7.0, 0.0)	(8.0, 0.0)	(9.0, 0.0)	(10.0, 0.0)	(11.0, 0.0)	(12.0, 0.0)	(13.0, 0.0)	(14.0, 0.0)	(15.0, 5.948916947616663e-05)	(16.0, 0.00011897833895233325)	(17.0, 0.00016359521605945824)	(18.0, 0.0005800194023926246)	(19.0, 0.0011897833895233327)	(20.0, 0.0017995473766540405)	(21.0, 0.0026770126264274987)	(22.0, 0.004788878142831414)	(23.0, 0.009086970637484452)	(24.0, 0.015586162402755658)	(25.0, 0.02315615921859786)	(26.0, 0.0315590044071064)	(27.0, 0.04124086673935252)	(28.0, 0.056886518311584346)	(29.0, 0.07959650875911095)	(30.0, 0.10376398385880364)	(31.0, 0.13675072833333804)	(32.0, 0.17042159825684836)	(33.0, 0.20340834273138275)	(34.0, 0.24418816840729496)	(35.0, 0.288834790099158)	(36.0, 0.34236017033533894)	(37.0, 0.4064894950306466)	(38.0, 0.4682838698240147)	(39.0, 0.535848694056571)	(40.0, 0.6133928264687541)	(41.0, 0.6870701628649865)	(42.0, 0.7818066652557819)	(43.0, 0.9098422302608615)	(44.0, 1.0622683547511695)	(45.0, 1.2202120997103918)	(46.0, 1.3896669989632526)	(47.0, 1.6063860433649275)	(48.0, 1.8569841697832796)	(49.0, 2.146101533437449)	(50.0, 2.466510200236083)	(51.0, 2.806847738809232)	(52.0, 3.203610754630525)	(53.0, 3.586557410840979)	(54.0, 3.962038176282174)	(55.0, 4.368096374834119)	(56.0, 4.738356965653779)	(57.0, 5.036501810775958)	(58.0, 5.240267088524197)	(59.0, 5.331984515564077)	(60.0, 5.3408037849389185)	(61.0, 5.290580053608665)	(62.0, 5.101910152615003)	(63.0, 4.756947331115081)	(64.0, 4.309603648946677)	(65.0, 3.8151742891378877)	(66.0, 3.308148097692519)	(67.0, 2.798578744252045)	(68.0, 2.302736516668196)	(69.0, 1.8365645123605852)	(70.0, 1.4036915706672588)	(71.0, 1.0113456256795708)	(72.0, 0.7065826104531692)	(73.0, 0.48330488511674674)	(74.0, 0.31597672367265905)	(75.0, 0.20114775429128842)	(76.0, 0.1219974143032487)	(77.0, 0.07132751420192379)	(78.0, 0.04210345969675693)	(79.0, 0.02446492094707353)	(80.0, 0.014426123597970408)	(81.0, 0.009949563594888869)	(82.0, 0.006692531566068746)	(83.0, 0.005056579405474164)	(84.0, 0.00493760106652183)	(85.0, 0.004610410634402914)	(86.0, 0.0042683479099149555)	(87.0, 0.004030391232010289)	(88.0, 0.004312964787022081)	(89.0, 0.004521176880188664)	(90.0, 0.004387326248867289)	(91.0, 0.004327837079391122)	(92.0, 0.004327837079391122)	(93.0, 0.004446815418343455)	(94.0, 0.00511606857495033)	(95.0, 0.006439702595795038)	(96.0, 0.008551568112198954)	(97.0, 0.013132234161863782)	(98.0, 0.024033624468371317)	(99.0, 0.0533022958506453)	(100.0, 0.38279793328676326)
DRR898362_1	(0.0, 0.0)	(1.0, 0.0)	(2.0, 0.0)	(3.0, 0.0)	(4.0, 0.0)	(5.0, 0.0)	(6.0, 0.0)	(7.0, 0.0)	(8.0, 0.0)	(9.0, 0.0)	(10.0, 0.0)	(11.0, 0.0)	(12.0, 0.0)	(13.0, 0.0)	(14.0, 0.0)	(15.0, 4.791461232766311e-05)	(16.0, 7.187191849149468e-05)	(17.0, 0.00014374383698298937)	(18.0, 0.00026353036780214713)	(19.0, 0.0005270607356042943)	(20.0, 0.0009822495527170938)	(21.0, 0.001461395675993725)	(22.0, 0.00184471257461503)	(23.0, 0.003354022862936418)	(24.0, 0.005270607356042943)	(25.0, 0.007881953727900582)	(26.0, 0.012074482306571105)	(27.0, 0.017464876193433208)	(28.0, 0.02659260984185303)	(29.0, 0.037924415657345355)	(30.0, 0.05043012947486543)	(31.0, 0.0691647428949817)	(32.0, 0.09103776342255993)	(33.0, 0.1124316378268615)	(34.0, 0.13631707207220156)	(35.0, 0.16628766208315485)	(36.0, 0.20418812043433635)	(37.0, 0.24836539300044178)	(38.0, 0.3030120083601416)	(39.0, 0.3660676381833462)	(40.0, 0.4350886372413449)	(41.0, 0.5095239874923696)	(42.0, 0.5961775638869483)	(43.0, 0.6988106634928027)	(44.0, 0.8293300674733571)	(45.0, 0.9646169753805139)	(46.0, 1.1313119116684538)	(47.0, 1.3494192269839764)	(48.0, 1.5798405976677083)	(49.0, 1.8618180912160058)	(50.0, 2.187805156187262)	(51.0, 2.5344434190717404)	(52.0, 2.9352970658049706)	(53.0, 3.3577122880856485)	(54.0, 3.8065284617588686)	(55.0, 4.268808641496163)	(56.0, 4.67433396293134)	(57.0, 5.038389187396923)	(58.0, 5.312484727217321)	(59.0, 5.5204341447193785)	(60.0, 5.61235832847)	(61.0, 5.591299856351992)	(62.0, 5.457761831794795)	(63.0, 5.164835849329626)	(64.0, 4.788346782965014)	(65.0, 4.303402991596736)	(66.0, 3.7701612710021726)	(67.0, 3.2543365119887153)	(68.0, 2.7255268930344614)	(69.0, 2.2039044659293565)	(70.0, 1.7107433185468839)	(71.0, 1.265832185778368)	(72.0, 0.9162950888480657)	(73.0, 0.6474701563837117)	(74.0, 0.4375562397762196)	(75.0, 0.2820254081606251)	(76.0, 0.1727082201350617)	(77.0, 0.10069255780658405)	(78.0, 0.0589828877753533)	(79.0, 0.034043332058804644)	(80.0, 0.019692905666669543)	(81.0, 0.0121463542250626)	(82.0, 0.0074986368292792776)	(83.0, 0.003713382455393892)	(84.0, 0.0013176518390107356)	(85.0, 0.0010062068588809255)	(86.0, 0.0006708045725872837)	(87.0, 0.0001197865308191578)	(88.0, 2.3957306163831556e-05)	(89.0, 0.0)	(90.0, 2.3957306163831556e-05)	(91.0, 2.3957306163831556e-05)	(92.0, 2.3957306163831556e-05)	(93.0, 2.3957306163831556e-05)	(94.0, 0.0)	(95.0, 0.0)	(96.0, 0.0)	(97.0, 0.0)	(98.0, 0.0)	(99.0, 2.3957306163831556e-05)	(100.0, 2.3957306163831556e-05)
DRR898362_2	(0.0, 0.0)	(1.0, 0.0)	(2.0, 0.0)	(3.0, 0.0)	(4.0, 0.0)	(5.0, 0.0)	(6.0, 0.0)	(7.0, 2.3957363559220924e-05)	(8.0, 2.3957363559220924e-05)	(9.0, 0.0)	(10.0, 0.0)	(11.0, 2.3957363559220924e-05)	(12.0, 4.791472711844185e-05)	(13.0, 2.3957363559220924e-05)	(14.0, 2.3957363559220924e-05)	(15.0, 4.791472711844185e-05)	(16.0, 7.187209067766279e-05)	(17.0, 0.00021561627203298833)	(18.0, 0.0004551899076251976)	(19.0, 0.0008864224516911743)	(20.0, 0.001317654995757151)	(21.0, 0.0018447169940600113)	(22.0, 0.00311445726269872)	(23.0, 0.005270619983028604)	(24.0, 0.007259081158443941)	(25.0, 0.010181879512668893)	(26.0, 0.014446290226210218)	(27.0, 0.020771034205844544)	(28.0, 0.02992274708546694)	(29.0, 0.040440029687964923)	(30.0, 0.05567691291162943)	(31.0, 0.07496259057680227)	(32.0, 0.09606902787247591)	(33.0, 0.11887643798085423)	(34.0, 0.14314524726634503)	(35.0, 0.1767813857034912)	(36.0, 0.21743703166348913)	(37.0, 0.26233313097346916)	(38.0, 0.3125717223571554)	(39.0, 0.3719859839840233)	(40.0, 0.4420373150311853)	(41.0, 0.5195633435088243)	(42.0, 0.611823150575384)	(43.0, 0.7182657168690025)	(44.0, 0.8461022088210054)	(45.0, 0.988217289454304)	(46.0, 1.1547449235544487)	(47.0, 1.3669592499620276)	(48.0, 1.60612561037373)	(49.0, 1.8852528532022133)	(50.0, 2.210641765063552)	(51.0, 2.559365149031571)	(52.0, 2.9626394498239375)	(53.0, 3.3920033195322947)	(54.0, 3.8361009678295734)	(55.0, 4.290332580912402)	(56.0, 4.693702711159005)	(57.0, 5.035334715513494)	(58.0, 5.3066039430945535)	(59.0, 5.498574297294591)	(60.0, 5.596655743706042)	(61.0, 5.586425949466254)	(62.0, 5.442921341746521)	(63.0, 5.151288355140124)	(64.0, 4.723194225700405)	(65.0, 4.235374388907549)	(66.0, 3.733970726976614)	(67.0, 3.2115804145678024)	(68.0, 2.6711741647624554)	(69.0, 2.1544138327900604)	(70.0, 1.6765363018742805)	(71.0, 1.233277161301575)	(72.0, 0.8929148972157231)	(73.0, 0.6398532659396725)	(74.0, 0.4341553424202016)	(75.0, 0.28274480472592534)	(76.0, 0.17611057952383302)	(77.0, 0.1055561438419274)	(78.0, 0.06257663361668506)	(79.0, 0.036391235246456585)	(80.0, 0.02158558456685805)	(81.0, 0.013847356137229695)	(82.0, 0.008864224516911743)	(83.0, 0.005007088983877173)	(84.0, 0.00258739526439586)	(85.0, 0.0017728449033823485)	(86.0, 0.001317654995757151)	(87.0, 0.0008864224516911743)	(88.0, 0.0007666356338950696)	(89.0, 0.0007426782703358486)	(90.0, 0.0005270619983028604)	(91.0, 0.0006708061796581859)	(92.0, 0.0005749767254213023)	(93.0, 0.0003593604533883139)	(94.0, 0.00043123254406597666)	(95.0, 0.0005031046347436395)	(96.0, 0.0005510193618620813)	(97.0, 0.0004072751805067557)	(98.0, 0.00021561627203298833)	(99.0, 0.00023957363559220924)	(100.0, 0.0003833178169475348)
DRR898363_1	(0.0, 0.0)	(1.0, 0.0)	(2.0, 0.0)	(3.0, 0.0)	(4.0, 0.0)	(5.0, 0.0)	(6.0, 0.0)	(7.0, 0.0)	(8.0, 0.0)	(9.0, 0.0)	(10.0, 0.0)	(11.0, 0.0)	(12.0, 0.0)	(13.0, 0.0)	(14.0, 0.0)	(15.0, 0.0)	(16.0, 8.398013433126366e-05)	(17.0, 0.00016796026866252732)	(18.0, 0.00028553245672629645)	(19.0, 0.0005206768328538347)	(20.0, 0.000823005316446384)	(21.0, 0.0017467867940902846)	(22.0, 0.002989692782192987)	(23.0, 0.004803663683748282)	(24.0, 0.007877336600272532)	(25.0, 0.012580224122823298)	(26.0, 0.01899630638573184)	(27.0, 0.026823254905405616)	(28.0, 0.03674970678336098)	(29.0, 0.04768392027329151)	(30.0, 0.062346851727530156)	(31.0, 0.08332508928347981)	(32.0, 0.1071418553798262)	(33.0, 0.1342170506882256)	(34.0, 0.1652729043639269)	(35.0, 0.20096446145471397)	(36.0, 0.24196356303523692)	(37.0, 0.2912263098339562)	(38.0, 0.34005235993415284)	(39.0, 0.39420275055095166)	(40.0, 0.46582100910865337)	(41.0, 0.5380607206604063)	(42.0, 0.6184297092154256)	(43.0, 0.7296529991237513)	(44.0, 0.8601413318476688)	(45.0, 1.016529137999348)	(46.0, 1.2082221926238903)	(47.0, 1.4293922743987064)	(48.0, 1.6890588497509735)	(49.0, 2.006067060824628)	(50.0, 2.365166115225111)	(51.0, 2.745209815127812)	(52.0, 3.1742475253993714)	(53.0, 3.6116328610234594)	(54.0, 4.045978115784755)	(55.0, 4.473840104175677)	(56.0, 4.838666603737553)	(57.0, 5.1450261337780026)	(58.0, 5.399099632183808)	(59.0, 5.517444437483424)	(60.0, 5.547542917627749)	(61.0, 5.490134097798897)	(62.0, 5.302371313461058)	(63.0, 5.008793559865827)	(64.0, 4.587918718651266)	(65.0, 4.083097335159174)	(66.0, 3.551049592116885)	(67.0, 3.030171206940656)	(68.0, 2.5121817383854212)	(69.0, 1.99677885796759)	(70.0, 1.511709602070211)	(71.0, 1.1100158235369106)	(72.0, 0.7956277926543921)	(73.0, 0.5452662161860288)	(74.0, 0.3571003272033994)	(75.0, 0.22528510835704793)	(76.0, 0.13183201487321772)	(77.0, 0.07069447708005776)	(78.0, 0.03931949889389765)	(79.0, 0.02230512367838363)	(80.0, 0.010732661167535497)	(81.0, 0.0047196835494170185)	(82.0, 0.0021498914388803497)	(83.0, 0.0008565973701788895)	(84.0, 0.0003191245104588019)	(85.0, 0.00010077616119751642)	(86.0, 0.00020155232239503284)	(87.0, 0.0001511642417962746)	(88.0, 5.038808059875821e-05)	(89.0, 8.398013433126366e-05)	(90.0, 8.398013433126366e-05)	(91.0, 3.3592053732505464e-05)	(92.0, 0.0)	(93.0, 0.0)	(94.0, 0.0)	(95.0, 1.6796026866252732e-05)	(96.0, 3.3592053732505464e-05)	(97.0, 0.00013436821493002186)	(98.0, 0.0002351443761275383)	(99.0, 0.00021834834926128557)	(100.0, 0.0001511642417962746)
DRR898363_2	(0.0, 0.0)	(1.0, 0.0)	(2.0, 0.0)	(3.0, 0.0)	(4.0, 0.0)	(5.0, 0.0)	(6.0, 0.0)	(7.0, 0.0)	(8.0, 0.0)	(9.0, 0.0)	(10.0, 0.0)	(11.0, 0.0)	(12.0, 0.0)	(13.0, 0.0)	(14.0, 0.0)	(15.0, 0.0)	(16.0, 6.737082654572256e-05)	(17.0, 0.00013474165309144512)	(18.0, 0.0003031687194557515)	(19.0, 0.0005389666123657805)	(20.0, 0.000842135331821532)	(21.0, 0.0018695404366438012)	(22.0, 0.00341906944719542)	(23.0, 0.005170710937384207)	(24.0, 0.00922980323676399)	(25.0, 0.013811019441873124)	(26.0, 0.018341707527072964)	(27.0, 0.025904082806830327)	(28.0, 0.03531915581659505)	(29.0, 0.046165858890456386)	(30.0, 0.06088638449069676)	(31.0, 0.08118184598759569)	(32.0, 0.10445846655914282)	(33.0, 0.12857722246251152)	(34.0, 0.1595846453801803)	(35.0, 0.1984912977103351)	(36.0, 0.23722952297412556)	(37.0, 0.2837996068238563)	(38.0, 0.33308136644205233)	(39.0, 0.38598430798708094)	(40.0, 0.4544835958774444)	(41.0, 0.5306631579940202)	(42.0, 0.6155167140283577)	(43.0, 0.7184256515769489)	(44.0, 0.8515672475379331)	(45.0, 1.008979183762014)	(46.0, 1.1981059365824935)	(47.0, 1.424775082495577)	(48.0, 1.6855507093474327)	(49.0, 1.9996335027035912)	(50.0, 2.3484796425573427)	(51.0, 2.7277773960097607)	(52.0, 3.167675207940056)	(53.0, 3.608297256255718)	(54.0, 4.046830808948463)	(55.0, 4.483427450378017)	(56.0, 4.845141418102003)	(57.0, 5.143358381806643)	(58.0, 5.374878227231019)	(59.0, 5.5103272740011935)	(60.0, 5.553495131110366)	(61.0, 5.4797240760428)	(62.0, 5.294201662442516)	(63.0, 4.9925151011707705)	(64.0, 4.56444086929925)	(65.0, 4.050670946061569)	(66.0, 3.5197551474680027)	(67.0, 3.002633525609672)	(68.0, 2.4742104475982973)	(69.0, 1.9664870560430956)	(70.0, 1.4949586410495836)	(71.0, 1.092215839959254)	(72.0, 0.782057397249384)	(73.0, 0.5417456589607915)	(74.0, 0.35652641407996377)	(75.0, 0.2214815922690629)	(76.0, 0.1309857295115211)	(77.0, 0.07292891973574467)	(78.0, 0.04308364357598957)	(79.0, 0.027234656631108346)	(80.0, 0.01610162754442769)	(81.0, 0.009701399022584049)	(82.0, 0.006854981601027271)	(83.0, 0.006029688975842169)	(84.0, 0.005120182817474914)	(85.0, 0.00421067665910766)	(86.0, 0.004025406886106923)	(87.0, 0.00394119335292477)	(88.0, 0.003991721472834061)	(89.0, 0.003924350646288339)	(90.0, 0.003890665233015478)	(91.0, 0.003991721472834061)	(92.0, 0.00394119335292477)	(93.0, 0.004075935006016215)	(94.0, 0.004581216205109134)	(95.0, 0.005137025524111345)	(96.0, 0.005962318149296446)	(97.0, 0.008320297078396736)	(98.0, 0.015613189051971203)	(99.0, 0.03675078588069166)	(100.0, 0.30419612456057377)
DRR898364_1	(0.0, 0.0)	(1.0, 0.0)	(2.0, 0.0)	(3.0, 0.0)	(4.0, 0.0)	(5.0, 0.0)	(6.0, 0.0)	(7.0, 0.0)	(8.0, 0.0)	(9.0, 0.0)	(10.0, 0.0)	(11.0, 0.0)	(12.0, 0.0)	(13.0, 1.5226123154974528e-05)	(14.0, 1.5226123154974528e-05)	(15.0, 3.0452246309949056e-05)	(16.0, 6.090449261989811e-05)	(17.0, 7.613061577487263e-05)	(18.0, 0.00010658286208482169)	(19.0, 0.00027407021678954146)	(20.0, 0.0007308539114387773)	(21.0, 0.0014921600691875036)	(22.0, 0.002664571552120542)	(23.0, 0.004491706330717485)	(24.0, 0.007232408498612899)	(25.0, 0.011389140119920945)	(26.0, 0.017738433475545323)	(27.0, 0.024772902373143557)	(28.0, 0.033984706881903144)	(29.0, 0.0456631433417686)	(30.0, 0.05904690559499122)	(31.0, 0.07789684606084968)	(32.0, 0.10183231166046965)	(33.0, 0.12722948508296714)	(34.0, 0.15495625534817575)	(35.0, 0.19021995657509677)	(36.0, 0.2314979764482327)	(37.0, 0.28352563926878066)	(38.0, 0.3351574228872993)	(39.0, 0.3832110675643989)	(40.0, 0.44609495619444367)	(41.0, 0.5219667278756818)	(42.0, 0.607933419208668)	(43.0, 0.7137549751357408)	(44.0, 0.8479427985005314)	(45.0, 1.0023204611688181)	(46.0, 1.190043333546499)	(47.0, 1.4056909157904034)	(48.0, 1.6672452593465554)	(49.0, 1.9934954001881948)	(50.0, 2.354522006315796)	(51.0, 2.745483170566077)	(52.0, 3.1694241175700326)	(53.0, 3.600247272240037)	(54.0, 4.036353891644817)	(55.0, 4.465898051969804)	(56.0, 4.848819823194258)	(57.0, 5.178983077686725)	(58.0, 5.419753763136337)	(59.0, 5.534528279478536)	(60.0, 5.596224530502492)	(61.0, 5.552144903968841)	(62.0, 5.350231284810724)	(63.0, 5.034593751808102)	(64.0, 4.624630385860413)	(65.0, 4.122594653194593)	(66.0, 3.5711653770140357)	(67.0, 3.037596343294263)	(68.0, 2.505778313737313)	(69.0, 1.9890798244732524)	(70.0, 1.504432324450413)	(71.0, 1.097498957010564)	(72.0, 0.7844041865748226)	(73.0, 0.5374364690011358)	(74.0, 0.3521193240819409)	(75.0, 0.22010883632831174)	(76.0, 0.12531099356544037)	(77.0, 0.06740604720707223)	(78.0, 0.03846118708946566)	(79.0, 0.02223013980626281)	(80.0, 0.010947582548426685)	(81.0, 0.005024620641141594)	(82.0, 0.002223013980626281)	(83.0, 0.0010658286208482168)	(84.0, 0.00044155757149426123)	(85.0, 0.00015226123154974525)	(86.0, 0.00012180898523979622)	(87.0, 6.090449261989811e-05)	(88.0, 1.5226123154974528e-05)	(89.0, 4.567836946492358e-05)	(90.0, 4.567836946492358e-05)	(91.0, 4.567836946492358e-05)	(92.0, 6.090449261989811e-05)	(93.0, 4.567836946492358e-05)	(94.0, 3.0452246309949056e-05)	(95.0, 3.0452246309949056e-05)	(96.0, 1.5226123154974528e-05)	(97.0, 3.0452246309949056e-05)	(98.0, 0.00012180898523979622)	(99.0, 0.00015226123154974525)	(100.0, 6.090449261989811e-05)
DRR898364_2	(0.0, 0.0)	(1.0, 0.0)	(2.0, 0.0)	(3.0, 0.0)	(4.0, 0.0)	(5.0, 0.0)	(6.0, 0.0)	(7.0, 0.0)	(8.0, 0.0)	(9.0, 0.0)	(10.0, 0.0)	(11.0, 1.5267567168135e-05)	(12.0, 1.5267567168135e-05)	(13.0, 0.0)	(14.0, 1.5267567168135e-05)	(15.0, 4.5802701504405e-05)	(16.0, 7.6337835840675e-05)	(17.0, 0.00012214053734508)	(18.0, 0.00024428107469016)	(19.0, 0.000412224313539645)	(20.0, 0.000900786462919965)	(21.0, 0.002000051299025685)	(22.0, 0.0029161053291137853)	(23.0, 0.004106975568228315)	(24.0, 0.0070230808973421)	(25.0, 0.011481210510437519)	(26.0, 0.01703860495963866)	(27.0, 0.023435715603087222)	(28.0, 0.03157332890370318)	(29.0, 0.042260625921397676)	(30.0, 0.05745185525369201)	(31.0, 0.07798673309483357)	(32.0, 0.09978881901093034)	(33.0, 0.12223214274808882)	(34.0, 0.15247719330816423)	(35.0, 0.18827963831744082)	(36.0, 0.22873869131299854)	(37.0, 0.2790758602663397)	(38.0, 0.32773359683118586)	(39.0, 0.37903262251611947)	(40.0, 0.44361443163733055)	(41.0, 0.5120436676849116)	(42.0, 0.5956488654976189)	(43.0, 0.7066135436756241)	(44.0, 0.8385100564411423)	(45.0, 0.994086565884438)	(46.0, 1.1828242312169228)	(47.0, 1.4035779849009868)	(48.0, 1.6678137698798994)	(49.0, 1.9778217212288804)	(50.0, 2.324838255393421)	(51.0, 2.7197338801972326)	(52.0, 3.1558366687878405)	(53.0, 3.589634054736061)	(54.0, 4.051859650751347)	(55.0, 4.484710447535143)	(56.0, 4.838017219372955)	(57.0, 5.1626667676361775)	(58.0, 5.395375026412892)	(59.0, 5.534432028180265)	(60.0, 5.582097372879182)	(61.0, 5.509958118009744)	(62.0, 5.327892379529735)	(63.0, 5.019869211912611)	(64.0, 4.595644590578812)	(65.0, 4.085753649864607)	(66.0, 3.5410984587085594)	(67.0, 3.0161536967665734)	(68.0, 2.502201583185645)	(69.0, 1.9838066075587892)	(70.0, 1.4962826527459026)	(71.0, 1.0940891308357221)	(72.0, 0.7787986012465663)	(73.0, 0.5332197833471148)	(74.0, 0.35538316097267836)	(75.0, 0.22516608059565496)	(76.0, 0.13117893710861592)	(77.0, 0.07383395482510086)	(78.0, 0.04320721508582205)	(79.0, 0.025359429066272234)	(80.0, 0.014122499630524874)	(81.0, 0.008442964643978654)	(82.0, 0.005633732285041815)	(83.0, 0.00439705934442288)	(84.0, 0.0042749188070778)	(85.0, 0.0037863566576974796)	(86.0, 0.0033435972098215653)	(87.0, 0.00393903232937883)	(88.0, 0.004045905299555775)	(89.0, 0.003954299896546965)	(90.0, 0.004076440433892045)	(91.0, 0.00421384853840526)	(92.0, 0.0041222431353964495)	(93.0, 0.0041222431353964495)	(94.0, 0.00433598907575034)	(95.0, 0.004717678254953715)	(96.0, 0.00577114038955503)	(97.0, 0.008015472763270875)	(98.0, 0.014931680690436029)	(99.0, 0.03529861529272812)	(100.0, 0.297320603032261)
DRR898365_1	(0.0, 0.0)	(1.0, 0.0)	(2.0, 0.0)	(3.0, 0.0)	(4.0, 0.0)	(5.0, 0.0)	(6.0, 0.0)	(7.0, 0.0)	(8.0, 0.0)	(9.0, 0.0)	(10.0, 0.0)	(11.0, 0.0)	(12.0, 0.0)	(13.0, 0.0)	(14.0, 0.0)	(15.0, 0.0)	(16.0, 0.000100198643811356)	(17.0, 0.0001335981917484747)	(18.0, 0.000200397287622712)	(19.0, 0.0003840948012768647)	(20.0, 0.0007848893765222888)	(21.0, 0.001987273102258561)	(22.0, 0.003189656827994833)	(23.0, 0.004408740327699665)	(24.0, 0.00728110145029187)	(25.0, 0.011990437709425603)	(26.0, 0.018954243454314845)	(27.0, 0.02681983699350629)	(28.0, 0.034852428272383336)	(29.0, 0.04502259061923597)	(30.0, 0.05951799442394547)	(31.0, 0.07937402567256252)	(32.0, 0.1029541065161683)	(33.0, 0.12857155978393833)	(34.0, 0.15796316196860274)	(35.0, 0.19485296266515034)	(36.0, 0.2356505104703408)	(37.0, 0.28481464503377946)	(38.0, 0.3369179398156846)	(39.0, 0.38654966805024293)	(40.0, 0.4482386330901011)	(41.0, 0.5217510380996994)	(42.0, 0.6071703819488804)	(43.0, 0.7142660324092514)	(44.0, 0.8461274476649958)	(45.0, 1.0078814583244615)	(46.0, 1.1991439695863717)	(47.0, 1.4186123990811785)	(48.0, 1.6815336404421768)	(49.0, 1.9839665470127863)	(50.0, 2.335279691989369)	(51.0, 2.7304130438594516)	(52.0, 3.165174959356925)	(53.0, 3.596847416670215)	(54.0, 4.038539738364641)	(55.0, 4.474620936005631)	(56.0, 4.855058486783381)	(57.0, 5.17536015150035)	(58.0, 5.416705284893969)	(59.0, 5.56008954418802)	(60.0, 5.592303408173371)	(61.0, 5.516169138650708)	(62.0, 5.336279173461387)	(63.0, 5.040643074895981)	(64.0, 4.607000044254401)	(65.0, 4.096103859234265)	(66.0, 3.560675706254316)	(67.0, 3.025447950561989)	(68.0, 2.5102265240839965)	(69.0, 1.9975601630231936)	(70.0, 1.506252812868178)	(71.0, 1.1061429283554647)	(72.0, 0.7940575524310279)	(73.0, 0.5445128300188457)	(74.0, 0.35704116744779857)	(75.0, 0.22614833908223053)	(76.0, 0.13283000214592094)	(77.0, 0.07080704162669157)	(78.0, 0.039027371764523165)	(79.0, 0.021409110227693068)	(80.0, 0.009919665737324244)	(81.0, 0.00475943558103941)	(82.0, 0.002037372424164239)	(83.0, 0.0009518871162078821)	(84.0, 0.0004842934450882207)	(85.0, 0.00023379683555983067)	(86.0, 0.00016699773968559338)	(87.0, 5.0099321905678e-05)	(88.0, 3.3399547937118675e-05)	(89.0, 6.679909587423735e-05)	(90.0, 5.0099321905678e-05)	(91.0, 0.0)	(92.0, 3.3399547937118675e-05)	(93.0, 3.3399547937118675e-05)	(94.0, 1.6699773968559338e-05)	(95.0, 3.3399547937118675e-05)	(96.0, 3.3399547937118675e-05)	(97.0, 3.3399547937118675e-05)	(98.0, 0.000100198643811356)	(99.0, 0.00016699773968559338)	(100.0, 0.000100198643811356)
DRR898365_2	(0.0, 0.0)	(1.0, 0.0)	(2.0, 0.0)	(3.0, 0.0)	(4.0, 0.0)	(5.0, 0.0)	(6.0, 0.0)	(7.0, 0.0)	(8.0, 0.0)	(9.0, 0.0)	(10.0, 0.0)	(11.0, 0.0)	(12.0, 0.0)	(13.0, 0.0)	(14.0, 0.0)	(15.0, 0.0)	(16.0, 1.6739550670285087e-05)	(17.0, 6.695820268114035e-05)	(18.0, 0.00023435370938399122)	(19.0, 0.000569144722789693)	(20.0, 0.0009374148375359649)	(21.0, 0.0015735177630067983)	(22.0, 0.002996379569981031)	(23.0, 0.0047372928396906796)	(24.0, 0.007231485889563158)	(25.0, 0.011115061645069299)	(26.0, 0.01628758280218739)	(27.0, 0.02415517161722138)	(28.0, 0.03406498561403015)	(29.0, 0.044460246580277196)	(30.0, 0.059776935443588045)	(31.0, 0.07952960523452444)	(32.0, 0.10109014649785164)	(33.0, 0.12795712532365922)	(34.0, 0.15500823920683993)	(35.0, 0.19103175224929342)	(36.0, 0.23179255813143762)	(37.0, 0.2761356278570228)	(38.0, 0.32884847291775055)	(39.0, 0.3835868036095828)	(40.0, 0.44423419568802563)	(41.0, 0.5192776013429137)	(42.0, 0.6084157086621818)	(43.0, 0.7125691929326956)	(44.0, 0.8396223825201594)	(45.0, 0.9895250587725625)	(46.0, 1.1809585602379427)	(47.0, 1.4016360567243111)	(48.0, 1.6518755996944028)	(49.0, 1.9713331846861235)	(50.0, 2.3241192150623817)	(51.0, 2.7098821602591014)	(52.0, 3.1567109863010216)	(53.0, 3.6040922175150607)	(54.0, 4.046819853642761)	(55.0, 4.468740228287296)	(56.0, 4.830297783214784)	(57.0, 5.144365232890673)	(58.0, 5.383255360506311)	(59.0, 5.530144917638062)	(60.0, 5.579208540652669)	(61.0, 5.515514550352234)	(62.0, 5.343214355302989)	(63.0, 5.036344912415323)	(64.0, 4.596429520800231)	(65.0, 4.079378279696464)	(66.0, 3.5444324589261647)	(67.0, 3.0230791533001353)	(68.0, 2.502161075991534)	(69.0, 1.984992658033076)	(70.0, 1.5014707369218914)	(71.0, 1.1034377010838525)	(72.0, 0.7919314026605171)	(73.0, 0.5419764320518203)	(74.0, 0.3554643584835039)	(75.0, 0.22243514930674826)	(76.0, 0.1339164053622807)	(77.0, 0.07512710340823947)	(78.0, 0.04240128184783213)	(79.0, 0.02490845139738421)	(80.0, 0.013642733796282346)	(81.0, 0.00868782679787796)	(82.0, 0.006109935994654057)	(83.0, 0.005088823403766667)	(84.0, 0.004486199579636404)	(85.0, 0.004000752610198136)	(86.0, 0.0040342317115387065)	(87.0, 0.0036827011474627196)	(88.0, 0.003799878002154715)	(89.0, 0.004184887667571272)	(90.0, 0.003833357103495285)	(91.0, 0.003933794407516996)	(92.0, 0.003967273508857566)	(93.0, 0.003732919799473575)	(94.0, 0.003950533958187281)	(95.0, 0.004620115984998684)	(96.0, 0.0055575308225346495)	(97.0, 0.00766671420699057)	(98.0, 0.013726431549633772)	(99.0, 0.03162101121616853)	(100.0, 0.2607687203417011)
DRR898366_1	(0.0, 0.0)	(1.0, 0.0)	(2.0, 0.0)	(3.0, 0.0)	(4.0, 0.0)	(5.0, 0.0)	(6.0, 0.0)	(7.0, 0.0)	(8.0, 0.0)	(9.0, 0.0)	(10.0, 0.0)	(11.0, 0.0)	(12.0, 0.0)	(13.0, 0.0)	(14.0, 1.614872328193733e-05)	(15.0, 3.229744656387466e-05)	(16.0, 4.844616984581199e-05)	(17.0, 0.0001130410629735613)	(18.0, 0.0002745282957929346)	(19.0, 0.00041986680533037055)	(20.0, 0.0009689233969162399)	(21.0, 0.002050887856806041)	(22.0, 0.0030521087002861554)	(23.0, 0.004166370606739831)	(24.0, 0.00707314079748855)	(25.0, 0.01136870119048388)	(26.0, 0.01711764667885357)	(27.0, 0.024917480024029298)	(28.0, 0.03389617016878645)	(29.0, 0.04369844520092242)	(30.0, 0.056940398292111026)	(31.0, 0.0763996098468455)	(32.0, 0.10063884349303344)	(33.0, 0.1291413400856528)	(34.0, 0.15761153923170834)	(35.0, 0.19241203790428327)	(36.0, 0.23617507799833345)	(37.0, 0.28281259083656846)	(38.0, 0.33153328897817336)	(39.0, 0.38383900368836843)	(40.0, 0.4529393906117782)	(41.0, 0.5291775132258043)	(42.0, 0.6070628056145881)	(43.0, 0.7120295069471807)	(44.0, 0.8499880499447714)	(45.0, 1.0059362706784403)	(46.0, 1.1902577982184728)	(47.0, 1.4149026877935031)	(48.0, 1.6724425266938396)	(49.0, 1.9899910213098553)	(50.0, 2.3587471174528942)	(51.0, 2.749707708108597)	(52.0, 3.1743383868071393)	(53.0, 3.614116567944138)	(54.0, 4.069139143859286)	(55.0, 4.51461782431481)	(56.0, 4.882582633017034)	(57.0, 5.186210928164019)	(58.0, 5.431978347791824)	(59.0, 5.578285780726175)	(60.0, 5.5997635826911525)	(61.0, 5.528192441105606)	(62.0, 5.356854487084251)	(63.0, 5.039160653958698)	(64.0, 4.59739617985802)	(65.0, 4.083398466517237)	(66.0, 3.5430783342268963)	(67.0, 3.003501043207524)	(68.0, 2.4746788018939223)	(69.0, 1.9619568376924121)	(70.0, 1.482129822816208)	(71.0, 1.0886984774983688)	(72.0, 0.7815820581224849)	(73.0, 0.534151319996641)	(74.0, 0.3507825671302427)	(75.0, 0.21837918494163855)	(76.0, 0.12673518031664416)	(77.0, 0.06796997629367421)	(78.0, 0.03854700247398441)	(79.0, 0.021752330260769583)	(80.0, 0.010722752259206388)	(81.0, 0.004893063154427011)	(82.0, 0.0021316314732157276)	(83.0, 0.0011627080762994877)	(84.0, 0.00041986680533037055)	(85.0, 0.00014533850953743596)	(86.0, 9.689233969162398e-05)	(87.0, 3.229744656387466e-05)	(88.0, 0.0)	(89.0, 1.614872328193733e-05)	(90.0, 1.614872328193733e-05)	(91.0, 0.0)	(92.0, 0.0)	(93.0, 0.0)	(94.0, 0.0)	(95.0, 3.229744656387466e-05)	(96.0, 4.844616984581199e-05)	(97.0, 4.844616984581199e-05)	(98.0, 0.00012918978625549863)	(99.0, 0.00014533850953743596)	(100.0, 8.074361640968665e-05)
DRR898366_2	(0.0, 3.234889708861543e-05)	(1.0, 3.234889708861543e-05)	(2.0, 1.6174448544307716e-05)	(3.0, 0.0)	(4.0, 1.6174448544307716e-05)	(5.0, 1.6174448544307716e-05)	(6.0, 0.0)	(7.0, 0.0)	(8.0, 0.0)	(9.0, 0.0)	(10.0, 0.0)	(11.0, 0.0)	(12.0, 0.0)	(13.0, 0.0)	(14.0, 0.0)	(15.0, 3.234889708861543e-05)	(16.0, 8.08722427215386e-05)	(17.0, 0.00011322113981015402)	(18.0, 0.0001779189339873849)	(19.0, 0.00040436121360769295)	(20.0, 0.0006955012874052318)	(21.0, 0.0016983170971523105)	(22.0, 0.0030084474292412355)	(23.0, 0.004334752209874468)	(24.0, 0.007213804050761242)	(25.0, 0.012082313062597865)	(26.0, 0.018034510126903106)	(27.0, 0.02445576619899327)	(28.0, 0.032559164919691436)	(29.0, 0.042344706288997606)	(30.0, 0.057856002442988705)	(31.0, 0.07826815650590505)	(32.0, 0.09882588060572016)	(33.0, 0.12316842566490328)	(34.0, 0.15095612826402394)	(35.0, 0.18464750458181692)	(36.0, 0.2282052945116376)	(37.0, 0.2786695739698777)	(38.0, 0.33055720490001683)	(39.0, 0.3856312021933846)	(40.0, 0.44528256842479147)	(41.0, 0.5162236997401252)	(42.0, 0.6030804884230576)	(43.0, 0.7057720622308672)	(44.0, 0.8305741071987456)	(45.0, 0.9833741225968206)	(46.0, 1.1774675051285133)	(47.0, 1.4068858832809739)	(48.0, 1.6742980410640134)	(49.0, 2.0037553834630173)	(50.0, 2.3535601821307606)	(51.0, 2.732139324758827)	(52.0, 3.16323690181026)	(53.0, 3.6042332413708107)	(54.0, 4.0407492586845875)	(55.0, 4.4640992748832975)	(56.0, 4.859645414034343)	(57.0, 5.174497229397836)	(58.0, 5.4093502222611844)	(59.0, 5.5499708779053964)	(60.0, 5.5887733799631905)	(61.0, 5.530836505277479)	(62.0, 5.342015992971231)	(63.0, 5.012801267300392)	(64.0, 4.578210009363389)	(65.0, 4.078112234821938)	(66.0, 3.5507928633804178)	(67.0, 3.0261422759487084)	(68.0, 2.4890535375864262)	(69.0, 1.9671364319587048)	(70.0, 1.4937911953095393)	(71.0, 1.1041972532227993)	(72.0, 0.7916260351040526)	(73.0, 0.5427174464557012)	(74.0, 0.3543821676057821)	(75.0, 0.2232235643599908)	(76.0, 0.134296446263387)	(77.0, 0.07234830833868842)	(78.0, 0.04155215831032653)	(79.0, 0.02408375388247419)	(80.0, 0.013360094497598176)	(81.0, 0.007715211955634783)	(82.0, 0.005240521328355701)	(83.0, 0.0045611944894947765)	(84.0, 0.0037686465108236985)	(85.0, 0.0033481108486716976)	(86.0, 0.0035422042312033904)	(87.0, 0.0037686465108236985)	(88.0, 0.003526029782659083)	(89.0, 0.0032187152603172357)	(90.0, 0.0033157619515830823)	(91.0, 0.003105494120507082)	(92.0, 0.0029114007379753893)	(93.0, 0.003105494120507082)	(94.0, 0.003606902025380621)	(95.0, 0.0038333443050009293)	(96.0, 0.003865693202089545)	(97.0, 0.005580184747786163)	(98.0, 0.010464868208167093)	(99.0, 0.023630869323233574)	(100.0, 0.17610739575042242)
DRR898368_1	(0.0, 0.0)	(1.0, 0.0)	(2.0, 0.0)	(3.0, 0.0)	(4.0, 0.0)	(5.0, 0.0)	(6.0, 0.0)	(7.0, 0.0)	(8.0, 0.0)	(9.0, 0.0)	(10.0, 0.0)	(11.0, 0.0)	(12.0, 0.0)	(13.0, 0.0)	(14.0, 0.0)	(15.0, 0.0)	(16.0, 0.0)	(17.0, 0.0)	(18.0, 4.3655788080834804e-05)	(19.0, 0.0001309673642425044)	(20.0, 0.00021827894040417402)	(21.0, 0.0008076320794954438)	(22.0, 0.001353329430505879)	(23.0, 0.0018335430993950618)	(24.0, 0.00386353724515388)	(25.0, 0.006788475046569812)	(26.0, 0.010913947020208701)	(27.0, 0.016392748424353468)	(28.0, 0.021806066146376982)	(29.0, 0.029402173272442243)	(30.0, 0.04160396604103557)	(31.0, 0.054853497723568935)	(32.0, 0.07139904140620532)	(33.0, 0.09172081075783392)	(34.0, 0.11516396895724221)	(35.0, 0.1472728010906962)	(36.0, 0.18520968093294166)	(37.0, 0.2300878310800398)	(38.0, 0.27771629587623065)	(39.0, 0.32416605439423885)	(40.0, 0.38316685198548706)	(41.0, 0.4549587954844199)	(42.0, 0.5344778134736605)	(43.0, 0.6363267670662481)	(44.0, 0.7620336088450119)	(45.0, 0.9169461728498541)	(46.0, 1.1124367918758324)	(47.0, 1.327659827114348)	(48.0, 1.5719576172146996)	(49.0, 1.8843147809330725)	(50.0, 2.260365739461384)	(51.0, 2.6856167711567953)	(52.0, 3.1370831035947484)	(53.0, 3.57436130490643)	(54.0, 4.026788064682162)	(55.0, 4.489408450974768)	(56.0, 4.89475244330532)	(57.0, 5.217586996163092)	(58.0, 5.480111077787193)	(59.0, 5.656567773209927)	(60.0, 5.700485496019247)	(61.0, 5.648797042931538)	(62.0, 5.479325273601738)	(63.0, 5.1611400621745736)	(64.0, 4.7505573752743215)	(65.0, 4.231970268662085)	(66.0, 3.6640521215185053)	(67.0, 3.1260600171043382)	(68.0, 2.592302524134011)	(69.0, 2.055860200196713)	(70.0, 1.55733292820762)	(71.0, 1.1449821818900947)	(72.0, 0.8124560440783761)	(73.0, 0.5573534464280179)	(74.0, 0.3663375456803253)	(75.0, 0.22775224641771516)	(76.0, 0.13227703788492945)	(77.0, 0.07172645981681158)	(78.0, 0.03957397189527675)	(79.0, 0.02058370408011361)	(80.0, 0.009560617589702822)	(81.0, 0.004692997218689742)	(82.0, 0.001964510463637566)	(83.0, 0.000982255231818783)	(84.0, 0.0006984926092933569)	(85.0, 0.00034924630464667843)	(86.0, 8.731157616166961e-05)	(87.0, 6.54836821212522e-05)	(88.0, 4.3655788080834804e-05)	(89.0, 0.0)	(90.0, 4.3655788080834804e-05)	(91.0, 4.3655788080834804e-05)	(92.0, 0.0)	(93.0, 2.1827894040417402e-05)	(94.0, 6.54836821212522e-05)	(95.0, 6.54836821212522e-05)	(96.0, 4.3655788080834804e-05)	(97.0, 6.54836821212522e-05)	(98.0, 0.00024010683444459144)	(99.0, 0.00028376262252542624)	(100.0, 8.731157616166961e-05)
DRR898368_2	(0.0, 0.0)	(1.0, 2.1862171687569453e-05)	(2.0, 4.372434337513891e-05)	(3.0, 2.1862171687569453e-05)	(4.0, 0.0)	(5.0, 0.0)	(6.0, 0.0)	(7.0, 2.1862171687569453e-05)	(8.0, 2.1862171687569453e-05)	(9.0, 0.0)	(10.0, 0.0)	(11.0, 2.1862171687569453e-05)	(12.0, 2.1862171687569453e-05)	(13.0, 0.0)	(14.0, 0.0)	(15.0, 0.0)	(16.0, 2.1862171687569453e-05)	(17.0, 4.372434337513891e-05)	(18.0, 0.00017489737350055563)	(19.0, 0.00030607040362597236)	(20.0, 0.00034979474700111126)	(21.0, 0.0010712464126909032)	(22.0, 0.00201131979525639)	(23.0, 0.0026671849458834735)	(24.0, 0.003957053075450071)	(25.0, 0.006930308424959517)	(26.0, 0.011433915792598823)	(27.0, 0.016374766593989523)	(28.0, 0.02328321284726147)	(29.0, 0.030432142989096675)	(30.0, 0.04042315545031592)	(31.0, 0.055748537803302106)	(32.0, 0.07273544520454357)	(33.0, 0.09313285138904588)	(34.0, 0.11895207615206539)	(35.0, 0.14811621318328305)	(36.0, 0.18239609838939197)	(37.0, 0.22410912196927446)	(38.0, 0.26706828933534843)	(39.0, 0.3154492752799396)	(40.0, 0.37694756423707254)	(41.0, 0.4442611908630989)	(42.0, 0.5229431467666613)	(43.0, 0.6276410869784315)	(44.0, 0.7532829876668931)	(45.0, 0.9051594943804382)	(46.0, 1.0907693320079026)	(47.0, 1.3134355506457978)	(48.0, 1.5759127839267566)	(49.0, 1.8851750646191139)	(50.0, 2.245791586605572)	(51.0, 2.641343858948766)	(52.0, 3.0841621464804856)	(53.0, 3.540928499548874)	(54.0, 4.006789516039292)	(55.0, 4.474596265809903)	(56.0, 4.870782541132036)	(57.0, 5.2134064958196245)	(58.0, 5.490290900242692)	(59.0, 5.634646819895713)	(60.0, 5.688843143509198)	(61.0, 5.6541916013844)	(62.0, 5.481458582880914)	(63.0, 5.180635100459958)	(64.0, 4.756902488811487)	(65.0, 4.241370618246912)	(66.0, 3.690793686467163)	(67.0, 3.132280786364826)	(68.0, 2.5768067281270612)	(69.0, 2.0530546810079597)	(70.0, 1.5635825190949673)	(71.0, 1.1419049515851276)	(72.0, 0.8138193410697729)	(73.0, 0.559059454394526)	(74.0, 0.36647558399872676)	(75.0, 0.22891879974053977)	(76.0, 0.13471470193880297)	(77.0, 0.0731508264666074)	(78.0, 0.04230330221544689)	(79.0, 0.026431365570271467)	(80.0, 0.014669517202359103)	(81.0, 0.007782933120774725)	(82.0, 0.005421818578517224)	(83.0, 0.004765953427890141)	(84.0, 0.003716569186886807)	(85.0, 0.0029076688344467374)	(86.0, 0.0028639444910715985)	(87.0, 0.002995117521197015)	(88.0, 0.0028858066627591677)	(89.0, 0.002710909289258612)	(90.0, 0.002645322774195904)	(91.0, 0.002557874087445626)	(92.0, 0.00279835797600889)	(93.0, 0.002929531006134307)	(94.0, 0.0029076688344467374)	(95.0, 0.003104428379634862)	(96.0, 0.0033667744398856955)	(97.0, 0.004481745195951738)	(98.0, 0.008679282159965072)	(99.0, 0.021184444365254802)	(100.0, 0.17229577506973487)
DRR898372_1	(0.0, 0.0)	(1.0, 0.0)	(2.0, 0.0)	(3.0, 0.0)	(4.0, 0.0)	(5.0, 0.0)	(6.0, 0.0)	(7.0, 0.0)	(8.0, 0.0)	(9.0, 0.0)	(10.0, 0.0)	(11.0, 0.0)	(12.0, 0.0)	(13.0, 0.0)	(14.0, 0.0)	(15.0, 2.1821054262415633e-05)	(16.0, 2.1821054262415633e-05)	(17.0, 2.1821054262415633e-05)	(18.0, 8.728421704966253e-05)	(19.0, 0.0005018842480355595)	(20.0, 0.0012874422014825225)	(21.0, 0.0025530633487026292)	(22.0, 0.0046697056121569455)	(23.0, 0.006786347875611262)	(24.0, 0.010757779751370907)	(25.0, 0.016191222262712402)	(26.0, 0.023064854355373327)	(27.0, 0.03222969714558789)	(28.0, 0.04543143497434935)	(29.0, 0.06035703608984164)	(30.0, 0.07807573215092314)	(31.0, 0.10037684960711192)	(32.0, 0.12638754628791135)	(33.0, 0.1583990328908751)	(34.0, 0.1949711198346837)	(35.0, 0.23477272280932981)	(36.0, 0.2815352420936865)	(37.0, 0.33977563592007387)	(38.0, 0.3948301558241485)	(39.0, 0.45043020208478357)	(40.0, 0.5196247651509035)	(41.0, 0.6021738134256218)	(42.0, 0.6876032408629791)	(43.0, 0.7932607856015955)	(44.0, 0.9367560384312407)	(45.0, 1.0972935346398327)	(46.0, 1.2921555492032042)	(47.0, 1.5171524397029719)	(48.0, 1.7683345953176381)	(49.0, 2.0950394197345252)	(50.0, 2.4682885528931444)	(51.0, 2.839770180656508)	(52.0, 3.2398592105578987)	(53.0, 3.666700852985011)	(54.0, 4.110191959814347)	(55.0, 4.522697169591051)	(56.0, 4.864938584642778)	(57.0, 5.133490299450328)	(58.0, 5.3408339570518)	(59.0, 5.464297482068549)	(60.0, 5.475971746098941)	(61.0, 5.382752202289901)	(62.0, 5.178267102796805)	(63.0, 4.870568416642482)	(64.0, 4.458521449005287)	(65.0, 3.955677074582181)	(66.0, 3.4059610756034067)	(67.0, 2.8883874895531703)	(68.0, 2.3951007368970023)	(69.0, 1.8924745730165207)	(70.0, 1.430544675335444)	(71.0, 1.0510547206577738)	(72.0, 0.7509061192782468)	(73.0, 0.5120746803761077)	(74.0, 0.33630608829234976)	(75.0, 0.2155047318956168)	(76.0, 0.12529649357479056)	(77.0, 0.06775437348480054)	(78.0, 0.03897240291267432)	(79.0, 0.022650254324387428)	(80.0, 0.010801421859895738)	(81.0, 0.004691526666419361)	(82.0, 0.0024876001859153824)	(83.0, 0.0012438000929576912)	(84.0, 0.0003709579224610658)	(85.0, 0.00028367370541140325)	(86.0, 0.00021821054262415634)	(87.0, 2.1821054262415633e-05)	(88.0, 4.3642108524831266e-05)	(89.0, 4.3642108524831266e-05)	(90.0, 2.1821054262415633e-05)	(91.0, 2.1821054262415633e-05)	(92.0, 0.0)	(93.0, 0.0)	(94.0, 2.1821054262415633e-05)	(95.0, 6.54631627872469e-05)	(96.0, 4.3642108524831266e-05)	(97.0, 8.728421704966253e-05)	(98.0, 0.00028367370541140325)	(99.0, 0.0003491368681986501)	(100.0, 0.00015274737983690944)
DRR898372_2	(0.0, 0.0)	(1.0, 2.1857942608037252e-05)	(2.0, 2.1857942608037252e-05)	(3.0, 0.0)	(4.0, 0.0)	(5.0, 0.0)	(6.0, 0.0)	(7.0, 0.0)	(8.0, 0.0)	(9.0, 2.1857942608037252e-05)	(10.0, 2.1857942608037252e-05)	(11.0, 0.0)	(12.0, 0.0)	(13.0, 0.0)	(14.0, 0.0)	(15.0, 0.0)	(16.0, 6.557382782411177e-05)	(17.0, 0.00021857942608037253)	(18.0, 0.0003934429669446706)	(19.0, 0.0005683065078089686)	(20.0, 0.0012459027286581233)	(21.0, 0.002404373686884098)	(22.0, 0.0036721343581502587)	(23.0, 0.005814212733737909)	(24.0, 0.010754107763154329)	(25.0, 0.017442638201213726)	(26.0, 0.02445903777839369)	(27.0, 0.03374866338680952)	(28.0, 0.044939930002124595)	(29.0, 0.0568525087235049)	(30.0, 0.07228421620477919)	(31.0, 0.09621866336057998)	(32.0, 0.12504928966058113)	(33.0, 0.15403292155883852)	(34.0, 0.18780344288825607)	(35.0, 0.22778161991835622)	(36.0, 0.2748199124108524)	(37.0, 0.32795657089099095)	(38.0, 0.3785577080285972)	(39.0, 0.43353043368781086)	(40.0, 0.5021206575918318)	(41.0, 0.579082473514731)	(42.0, 0.668284737298131)	(43.0, 0.7774214447400609)	(44.0, 0.9043286595223252)	(45.0, 1.0588643137611486)	(46.0, 1.249203277991937)	(47.0, 1.4740559336008163)	(48.0, 1.7428430538518502)	(49.0, 2.074034600248831)	(50.0, 2.41737916273588)	(51.0, 2.7831281163961674)	(52.0, 3.2099481617033105)	(53.0, 3.6345386968644346)	(54.0, 4.067981698781813)	(55.0, 4.468987513868865)	(56.0, 4.816965960188817)	(57.0, 5.119698465310134)	(58.0, 5.34715221608937)	(59.0, 5.467458332204006)	(60.0, 5.473359976708177)	(61.0, 5.403545708018105)	(62.0, 5.220179427479281)	(63.0, 4.896375865683817)	(64.0, 4.482255285031943)	(65.0, 3.9869543055338195)	(66.0, 3.4478937249344046)	(67.0, 2.929598189812625)	(68.0, 2.4172261571376237)	(69.0, 1.9257284596532982)	(70.0, 1.4658810630654102)	(71.0, 1.0682195131973886)	(72.0, 0.768612693869022)	(73.0, 0.5326343454726518)	(74.0, 0.34797844631995306)	(75.0, 0.21947560172730207)	(76.0, 0.12810940162570633)	(77.0, 0.07068858639439247)	(78.0, 0.0420109656926476)	(79.0, 0.0256393666792277)	(80.0, 0.014054657096967954)	(81.0, 0.008174870535405934)	(82.0, 0.005726780963305761)	(83.0, 0.004721315603336046)	(84.0, 0.003912571726838668)	(85.0, 0.0036065605303261467)	(86.0, 0.003519128759893998)	(87.0, 0.0032131175633814766)	(88.0, 0.003125685792949327)	(89.0, 0.0035847025877181094)	(90.0, 0.0034098390468538116)	(91.0, 0.003038254022517178)	(92.0, 0.0031475437355573646)	(93.0, 0.003256833448597551)	(94.0, 0.0032131175633814766)	(95.0, 0.0032131175633814766)	(96.0, 0.003453554932069886)	(97.0, 0.00596721833199417)	(98.0, 0.011191266615315073)	(99.0, 0.02395630509840883)	(100.0, 0.18596737570918095)
DRR898376_1	(0.0, 0.0)	(1.0, 0.0)	(2.0, 0.0)	(3.0, 0.0)	(4.0, 0.0)	(5.0, 0.0)	(6.0, 0.0)	(7.0, 0.0)	(8.0, 0.0)	(9.0, 0.0)	(10.0, 2.9111649288467626e-05)	(11.0, 2.9111649288467626e-05)	(12.0, 0.0)	(13.0, 0.0)	(14.0, 5.822329857693525e-05)	(15.0, 8.733494786540287e-05)	(16.0, 0.0001455582464423381)	(17.0, 0.000232893194307741)	(18.0, 0.00020378154501927336)	(19.0, 0.000465786388615482)	(20.0, 0.0007277912322116906)	(21.0, 0.0008733494786540288)	(22.0, 0.0019795921516157985)	(23.0, 0.003376951317462245)	(24.0, 0.005094538625481834)	(25.0, 0.007132354075674568)	(26.0, 0.010713086938156086)	(27.0, 0.017117649781618963)	(28.0, 0.025792921269582315)	(29.0, 0.03903872169583508)	(30.0, 0.058456191771242984)	(31.0, 0.08005703554328597)	(32.0, 0.10378302971338708)	(33.0, 0.13996880977895232)	(34.0, 0.18672211853623136)	(35.0, 0.2316413933883369)	(36.0, 0.2815387602687704)	(37.0, 0.3438376897460911)	(38.0, 0.4098337986830472)	(39.0, 0.4649712624354049)	(40.0, 0.5350430022727465)	(41.0, 0.6332657069720362)	(42.0, 0.7397270084199623)	(43.0, 0.8659842313840463)	(44.0, 1.0155889970774816)	(45.0, 1.175615733216188)	(46.0, 1.3684221864537092)	(47.0, 1.610194433794433)	(48.0, 1.8813112236179315)	(49.0, 2.1994142153930176)	(50.0, 2.5633389431481515)	(51.0, 2.944381320684904)	(52.0, 3.3919729284950932)	(53.0, 3.8630867489303653)	(54.0, 4.311056808181305)	(55.0, 4.763451838124092)	(56.0, 5.141000817746229)	(57.0, 5.419773971332594)	(58.0, 5.621867040693137)	(59.0, 5.683088839146784)	(60.0, 5.591532702134554)	(61.0, 5.388449836698203)	(62.0, 5.044321030459228)	(63.0, 4.634312561880449)	(64.0, 4.195163332363915)	(65.0, 3.681197164176019)	(66.0, 3.1311034392211354)	(67.0, 2.58616247619031)	(68.0, 2.087014137490244)	(69.0, 1.6516494223812108)	(70.0, 1.2482492981909148)	(71.0, 0.8966679097340913)	(72.0, 0.6289862945266315)	(73.0, 0.4286981474219742)	(74.0, 0.27993761955790464)	(75.0, 0.1684108911337852)	(76.0, 0.09845559789359751)	(77.0, 0.05659304621678106)	(78.0, 0.031003906492218018)	(79.0, 0.01592407216079179)	(80.0, 0.007394358919270776)	(81.0, 0.003406062966750712)	(82.0, 0.0014264708151349136)	(83.0, 0.0005531213364808848)	(84.0, 0.0001164465971538705)	(85.0, 5.822329857693525e-05)	(86.0, 5.822329857693525e-05)	(87.0, 0.0)	(88.0, 0.0)	(89.0, 2.9111649288467626e-05)	(90.0, 2.9111649288467626e-05)	(91.0, 0.0)	(92.0, 0.0)	(93.0, 0.0)	(94.0, 2.9111649288467626e-05)	(95.0, 2.9111649288467626e-05)	(96.0, 2.9111649288467626e-05)	(97.0, 0.00020378154501927336)	(98.0, 0.0005822329857693524)	(99.0, 0.0005531213364808848)	(100.0, 0.00017466989573080573)
DRR898376_2	(0.0, 0.0)	(1.0, 0.0)	(2.0, 0.0)	(3.0, 0.0)	(4.0, 0.0)	(5.0, 2.9153040049863362e-05)	(6.0, 2.9153040049863362e-05)	(7.0, 2.9153040049863362e-05)	(8.0, 2.9153040049863362e-05)	(9.0, 0.0)	(10.0, 0.0)	(11.0, 0.0)	(12.0, 2.9153040049863362e-05)	(13.0, 5.8306080099726724e-05)	(14.0, 8.745912014959007e-05)	(15.0, 5.8306080099726724e-05)	(16.0, 0.00017491824029918014)	(17.0, 0.0002915304004986336)	(18.0, 0.00020407128034904352)	(19.0, 0.0003789895206482237)	(20.0, 0.000641366881096994)	(21.0, 0.0011661216019945343)	(22.0, 0.0019824067233907084)	(23.0, 0.0035566708860833296)	(24.0, 0.005888914090072399)	(25.0, 0.00816285121396174)	(26.0, 0.012885643702039606)	(27.0, 0.018774557792112005)	(28.0, 0.02708317420632306)	(29.0, 0.040930868230008154)	(30.0, 0.05556569433503956)	(31.0, 0.07515653724854773)	(32.0, 0.10267700705561876)	(33.0, 0.13678606391395887)	(34.0, 0.17969933886735776)	(35.0, 0.22672319246778735)	(36.0, 0.282055662482428)	(37.0, 0.3391956209801602)	(38.0, 0.3941491014741526)	(39.0, 0.4543501291771205)	(40.0, 0.5332965616321504)	(41.0, 0.6287436147554031)	(42.0, 0.7361725673391496)	(43.0, 0.8666907276423879)	(44.0, 1.0163041291782866)	(45.0, 1.1687162225589722)	(46.0, 1.3677148739393397)	(47.0, 1.6379344021615232)	(48.0, 1.9236341946501838)	(49.0, 2.270992666844306)	(50.0, 2.648582841570136)	(51.0, 3.0302544419029473)	(52.0, 3.4841964285193696)	(53.0, 3.9509074466776326)	(54.0, 4.367067093389432)	(55.0, 4.785908819785818)	(56.0, 5.1487184032063675)	(57.0, 5.393137490984422)	(58.0, 5.51957422568068)	(59.0, 5.533713450104863)	(60.0, 5.4676818143919235)	(61.0, 5.268858081251855)	(62.0, 4.953130657511835)	(63.0, 4.576998134788498)	(64.0, 4.136495699635062)	(65.0, 3.6473368406384052)	(66.0, 3.1164308282903432)	(67.0, 2.5838630926594393)	(68.0, 2.092634367819242)	(69.0, 1.6405581757660108)	(70.0, 1.2450680344495644)	(71.0, 0.9091958600350886)	(72.0, 0.6391804030932541)	(73.0, 0.4326019612999224)	(74.0, 0.27791593079534743)	(75.0, 0.17343143525663712)	(76.0, 0.10722488130339744)	(77.0, 0.060900700664164566)	(78.0, 0.03600400446158125)	(79.0, 0.021573249636898887)	(80.0, 0.011777828180144797)	(81.0, 0.006617740091318982)	(82.0, 0.004547874247778684)	(83.0, 0.0031776813654351066)	(84.0, 0.002565467524387976)	(85.0, 0.0023905492840887955)	(86.0, 0.002244784083839479)	(87.0, 0.0024197023241386588)	(88.0, 0.002536314484338112)	(89.0, 0.002215631043789615)	(90.0, 0.0020698658435402985)	(91.0, 0.002273937123889342)	(92.0, 0.001953253683340845)	(93.0, 0.0019824067233907084)	(94.0, 0.0021281719236400255)	(95.0, 0.001953253683340845)	(96.0, 0.002886150964936473)	(97.0, 0.004402109047529367)	(98.0, 0.006617740091318982)	(99.0, 0.013497857543086736)	(100.0, 0.15156665521923962)
DRR898377_1	(0.0, 0.0)	(1.0, 0.0)	(2.0, 0.0)	(3.0, 0.0)	(4.0, 0.0)	(5.0, 0.0)	(6.0, 0.0)	(7.0, 0.0)	(8.0, 0.0)	(9.0, 0.0)	(10.0, 2.7089552643127652e-05)	(11.0, 2.7089552643127652e-05)	(12.0, 0.0)	(13.0, 0.0)	(14.0, 2.7089552643127652e-05)	(15.0, 2.7089552643127652e-05)	(16.0, 2.7089552643127652e-05)	(17.0, 5.4179105286255304e-05)	(18.0, 0.00018962686850189356)	(19.0, 0.0002979850790744042)	(20.0, 0.00035216418436065947)	(21.0, 0.000541791052862553)	(22.0, 0.0009481343425094678)	(23.0, 0.002031716448234574)	(24.0, 0.0033861940803909564)	(25.0, 0.005661716502413679)	(26.0, 0.009156268793377146)	(27.0, 0.013896940505924485)	(28.0, 0.020398433140275122)	(29.0, 0.02901291088078971)	(30.0, 0.04277440362349856)	(31.0, 0.06032843373624528)	(32.0, 0.08032052358687349)	(33.0, 0.10651612099277792)	(34.0, 0.13840052445373915)	(35.0, 0.1751610473904634)	(36.0, 0.21896485401440077)	(37.0, 0.2660735860607998)	(38.0, 0.31058172105345855)	(39.0, 0.36367724423398873)	(40.0, 0.4389049319239542)	(41.0, 0.5212842615117054)	(42.0, 0.6045846358893229)	(43.0, 0.7039762045369583)	(44.0, 0.8380965796730833)	(45.0, 0.9915047162911151)	(46.0, 1.1656634502337828)	(47.0, 1.3811608415098633)	(48.0, 1.6442816663325623)	(49.0, 1.9548362978333775)	(50.0, 2.2992799596907454)	(51.0, 2.6632010098985224)	(52.0, 3.103677135875778)	(53.0, 3.602504158246331)	(54.0, 4.081284911660968)	(55.0, 4.5823332773482575)	(56.0, 5.0221321645094354)	(57.0, 5.385375975901134)	(58.0, 5.63920508416724)	(59.0, 5.730334339258722)	(60.0, 5.74200993644791)	(61.0, 5.624224561555591)	(62.0, 5.361835154654257)	(63.0, 5.018691791323758)	(64.0, 4.579299247452227)	(65.0, 4.0587193143092435)	(66.0, 3.5257323660557067)	(67.0, 2.974568327978632)	(68.0, 2.4166319017407747)	(69.0, 1.9182654017651555)	(70.0, 1.46280875317625)	(71.0, 1.057901209819421)	(72.0, 0.7498929962670596)	(73.0, 0.5129677688502653)	(74.0, 0.3322804527206038)	(75.0, 0.20257567466530857)	(76.0, 0.116078733075802)	(77.0, 0.06647776218623526)	(78.0, 0.03844007520059814)	(79.0, 0.020371343587631992)	(80.0, 0.009535522530380935)	(81.0, 0.0036841791594653603)	(82.0, 0.0015170149480151485)	(83.0, 0.0006772388160781913)	(84.0, 0.0003250746317175318)	(85.0, 0.00013544776321563825)	(86.0, 5.4179105286255304e-05)	(87.0, 5.4179105286255304e-05)	(88.0, 5.4179105286255304e-05)	(89.0, 5.4179105286255304e-05)	(90.0, 5.4179105286255304e-05)	(91.0, 2.7089552643127652e-05)	(92.0, 2.7089552643127652e-05)	(93.0, 8.126865792938295e-05)	(94.0, 8.126865792938295e-05)	(95.0, 5.4179105286255304e-05)	(96.0, 5.4179105286255304e-05)	(97.0, 8.126865792938295e-05)	(98.0, 0.00035216418436065947)	(99.0, 0.000541791052862553)	(100.0, 0.0002979850790744042)
DRR898377_2	(0.0, 5.441488355895105e-05)	(1.0, 5.441488355895105e-05)	(2.0, 5.441488355895105e-05)	(3.0, 2.7207441779475526e-05)	(4.0, 0.0)	(5.0, 2.7207441779475526e-05)	(6.0, 2.7207441779475526e-05)	(7.0, 0.0)	(8.0, 0.0)	(9.0, 0.0)	(10.0, 0.0)	(11.0, 2.7207441779475526e-05)	(12.0, 2.7207441779475526e-05)	(13.0, 8.162232533842657e-05)	(14.0, 8.162232533842657e-05)	(15.0, 2.7207441779475526e-05)	(16.0, 8.162232533842657e-05)	(17.0, 0.0002448669760152797)	(18.0, 0.00032648930135370627)	(19.0, 0.0004353190684716084)	(20.0, 0.0004897339520305594)	(21.0, 0.0008978455787226923)	(22.0, 0.0017412762738864336)	(23.0, 0.0028023665032859786)	(24.0, 0.003945079058023951)	(25.0, 0.006829067886648356)	(26.0, 0.0104476576433186)	(27.0, 0.014229492050665699)	(28.0, 0.021439464122226713)	(29.0, 0.03207757385800164)	(30.0, 0.043831188706735066)	(31.0, 0.059693127264169296)	(32.0, 0.08200322952333923)	(33.0, 0.10627226759063138)	(34.0, 0.13489449634263964)	(35.0, 0.17135246832713685)	(36.0, 0.21420418912981076)	(37.0, 0.2588516010899301)	(38.0, 0.30170332189260407)	(39.0, 0.356227035218673)	(40.0, 0.4301768619752875)	(41.0, 0.5169413938100349)	(42.0, 0.6032978140180902)	(43.0, 0.7089171030060142)	(44.0, 0.839131919362584)	(45.0, 0.9874396845025051)	(46.0, 1.1780006067259516)	(47.0, 1.3945990507323565)	(48.0, 1.647981956024612)	(49.0, 1.9667443439129473)	(50.0, 2.3241140916863583)	(51.0, 2.705752877527061)	(52.0, 3.1645519682543566)	(53.0, 3.642069778925932)	(54.0, 4.111262112412987)	(55.0, 4.6104370467410245)	(56.0, 5.055958905879936)	(57.0, 5.4083768992494825)	(58.0, 5.655502092932458)	(59.0, 5.765256913070863)	(60.0, 5.743790241506857)	(61.0, 5.592462450329414)	(62.0, 5.325938350657672)	(63.0, 4.9724320596169465)	(64.0, 4.500110870325251)	(65.0, 3.9652669798243214)	(66.0, 3.425117638176394)	(67.0, 2.8793907709636737)	(68.0, 2.336411855370681)	(69.0, 1.821647056903004)	(70.0, 1.3786282824078042)	(71.0, 1.0051517291009437)	(72.0, 0.7067405076636561)	(73.0, 0.484102011582208)	(74.0, 0.31530704278234184)	(75.0, 0.1920573315213177)	(76.0, 0.11274763873414656)	(77.0, 0.06567876445565392)	(78.0, 0.038661774768634714)	(79.0, 0.022446139468067308)	(80.0, 0.01246100833499979)	(81.0, 0.006693030677750978)	(82.0, 0.004978961845644021)	(83.0, 0.003972286499803426)	(84.0, 0.003618589756670245)	(85.0, 0.003346515338875489)	(86.0, 0.0031560632464191604)	(87.0, 0.0027479516197270277)	(88.0, 0.0026391218526091256)	(89.0, 0.0028023665032859786)	(90.0, 0.0028023665032859786)	(91.0, 0.0031560632464191604)	(92.0, 0.00285678138684493)	(93.0, 0.0027479516197270277)	(94.0, 0.003020026037521783)	(95.0, 0.003346515338875489)	(96.0, 0.004407605568275035)	(97.0, 0.00704672742088416)	(98.0, 0.011291088338482342)	(99.0, 0.029166377587597762)	(100.0, 0.4576291707307783)
DRR898379_1	(0.0, 0.0)	(1.0, 0.0)	(2.0, 0.0)	(3.0, 0.0)	(4.0, 0.0)	(5.0, 0.0)	(6.0, 0.0)	(7.0, 0.0)	(8.0, 0.0)	(9.0, 0.0)	(10.0, 0.0)	(11.0, 0.0)	(12.0, 0.0)	(13.0, 0.0)	(14.0, 1.3318457504198312e-05)	(15.0, 5.327383001679325e-05)	(16.0, 3.9955372512594935e-05)	(17.0, 2.6636915008396624e-05)	(18.0, 6.659228752099156e-05)	(19.0, 0.0002397322350755696)	(20.0, 0.0006526044177057172)	(21.0, 0.0014783487829660125)	(22.0, 0.0025038700107892827)	(23.0, 0.00402217416626789)	(24.0, 0.00741838082983846)	(25.0, 0.011627013401165126)	(26.0, 0.017100899435390633)	(27.0, 0.024505961807724894)	(28.0, 0.03385551897567211)	(29.0, 0.04674778583973607)	(30.0, 0.06278320867479084)	(31.0, 0.08403946685149134)	(32.0, 0.11124907553256849)	(33.0, 0.13935102086642692)	(34.0, 0.16997015466857884)	(35.0, 0.21168356357172796)	(36.0, 0.26001624585446365)	(37.0, 0.3153677552419118)	(38.0, 0.37470148342311527)	(39.0, 0.4320108060636806)	(40.0, 0.5021191663657806)	(41.0, 0.5820299113909704)	(42.0, 0.6685466113382426)	(43.0, 0.7803950174585)	(44.0, 0.9200257259325152)	(45.0, 1.090208975921161)	(46.0, 1.2937416435003197)	(47.0, 1.5196360012290273)	(48.0, 1.7878297799910687)	(49.0, 2.1175148770499934)	(50.0, 2.475981160775491)	(51.0, 2.854465086129799)	(52.0, 3.2699743233457776)	(53.0, 3.697257076995468)	(54.0, 4.129920487476854)	(55.0, 4.536719453485087)	(56.0, 4.869734164920062)	(57.0, 5.137887988309591)	(58.0, 5.3451231870749165)	(59.0, 5.451031561148302)	(60.0, 5.452723005251334)	(61.0, 5.388861001518704)	(62.0, 5.203601257635306)	(63.0, 4.868162586934567)	(64.0, 4.437603492738844)	(65.0, 3.941744001400036)	(66.0, 3.428610470678284)	(67.0, 2.914677832506279)	(68.0, 2.40888277186934)	(69.0, 1.9190565417799348)	(70.0, 1.460595279112916)	(71.0, 1.0826440920587765)	(72.0, 0.7775715044676099)	(73.0, 0.531699460482605)	(74.0, 0.3461067551616015)	(75.0, 0.2168644435408611)	(76.0, 0.12752423060269882)	(77.0, 0.06829705008152893)	(78.0, 0.03914294660483884)	(79.0, 0.022854473077204302)	(80.0, 0.010814587493409028)	(81.0, 0.00488787390404078)	(82.0, 0.002357366978243101)	(83.0, 0.0012386165478904428)	(84.0, 0.0005061013851595358)	(85.0, 0.00018645840505877634)	(86.0, 0.0001331845750419831)	(87.0, 9.322920252938817e-05)	(88.0, 6.659228752099156e-05)	(89.0, 5.327383001679325e-05)	(90.0, 1.3318457504198312e-05)	(91.0, 3.9955372512594935e-05)	(92.0, 7.991074502518987e-05)	(93.0, 0.0001065476600335865)	(94.0, 7.991074502518987e-05)	(95.0, 1.3318457504198312e-05)	(96.0, 6.659228752099156e-05)	(97.0, 0.0001065476600335865)	(98.0, 0.0001465030325461814)	(99.0, 0.0001065476600335865)	(100.0, 1.3318457504198312e-05)
DRR898379_2	(0.0, 0.0)	(1.0, 0.0)	(2.0, 0.0)	(3.0, 0.0)	(4.0, 0.0)	(5.0, 0.0)	(6.0, 0.0)	(7.0, 0.0)	(8.0, 0.0)	(9.0, 0.0)	(10.0, 0.0)	(11.0, 0.0)	(12.0, 1.3358905841488834e-05)	(13.0, 2.671781168297767e-05)	(14.0, 4.00767175244665e-05)	(15.0, 2.671781168297767e-05)	(16.0, 2.671781168297767e-05)	(17.0, 5.343562336595534e-05)	(18.0, 0.00013358905841488833)	(19.0, 0.00029389592851275433)	(20.0, 0.0007347398212818859)	(21.0, 0.0014961974542467495)	(22.0, 0.0026183455449318117)	(23.0, 0.004087825187495583)	(24.0, 0.00698670775509866)	(25.0, 0.011502017929521886)	(26.0, 0.016271147314933402)	(27.0, 0.024192978478936276)	(28.0, 0.034412541447675235)	(29.0, 0.0457008168837333)	(30.0, 0.0626933451141071)	(31.0, 0.08526989598622323)	(32.0, 0.10793995919922979)	(33.0, 0.13683527253437014)	(34.0, 0.17326500876411016)	(35.0, 0.21168522196423206)	(36.0, 0.259015825360627)	(37.0, 0.3137873393107312)	(38.0, 0.37000161509171625)	(39.0, 0.43302893285186056)	(40.0, 0.5019608869939429)	(41.0, 0.5773051159399399)	(42.0, 0.6649261793542652)	(43.0, 0.7826314987236233)	(44.0, 0.9340680553427407)	(45.0, 1.0942012596646673)	(46.0, 1.2898691535249542)	(47.0, 1.5245984880657548)	(48.0, 1.7926048570577038)	(49.0, 2.1204190475019984)	(50.0, 2.4772220636223237)	(51.0, 2.860662737990577)	(52.0, 3.290218355323651)	(53.0, 3.708913182207594)	(54.0, 4.1282225187602455)	(55.0, 4.5303656613065835)	(56.0, 4.870349814972474)	(57.0, 5.162469009008311)	(58.0, 5.369385101587131)	(59.0, 5.476550244247555)	(60.0, 5.4774185731272516)	(61.0, 5.3796981768967616)	(62.0, 5.172033985590817)	(63.0, 4.837807520342608)	(64.0, 4.415906556056708)	(65.0, 3.9146670499782052)	(66.0, 3.3761027609785823)	(67.0, 2.853088238378453)	(68.0, 2.354720897055871)	(69.0, 1.8577829586583277)	(70.0, 1.3972480386788417)	(71.0, 1.0320021940666955)	(72.0, 0.7346195911293125)	(73.0, 0.49844749475763134)	(74.0, 0.32681227250618283)	(75.0, 0.20805159957534713)	(76.0, 0.12181986236853667)	(77.0, 0.06553879205834422)	(78.0, 0.03851372554101231)	(79.0, 0.023217778352507594)	(80.0, 0.013318829123964369)	(81.0, 0.008108855845783722)	(82.0, 0.005089743125607246)	(83.0, 0.003807288164824318)	(84.0, 0.003540110047994541)	(85.0, 0.003446597707104119)	(86.0, 0.0027652935091881884)	(87.0, 0.0026450633566147894)	(88.0, 0.0031660606844328538)	(89.0, 0.003353085366213697)	(90.0, 0.00297903600265201)	(91.0, 0.0027786524150296777)	(92.0, 0.003005753814334988)	(93.0, 0.0030324716260179655)	(94.0, 0.0032595730253232756)	(95.0, 0.0032996497428477416)	(96.0, 0.00458210470363067)	(97.0, 0.007881754446478411)	(98.0, 0.01442761830880794)	(99.0, 0.03338390569788059)	(100.0, 0.32754701232746475)
DRR898407_1	(0.0, 0.0)	(1.0, 0.0)	(2.0, 0.0)	(3.0, 0.0)	(4.0, 0.0)	(5.0, 0.0)	(6.0, 0.0)	(7.0, 0.0)	(8.0, 0.0)	(9.0, 0.0)	(10.0, 0.0)	(11.0, 0.0)	(12.0, 0.0)	(13.0, 0.0)	(14.0, 2.0265863814205803e-05)	(15.0, 2.0265863814205803e-05)	(16.0, 0.0)	(17.0, 2.0265863814205803e-05)	(18.0, 0.00010132931907102903)	(19.0, 0.00030398795721308703)	(20.0, 0.0004255831400983218)	(21.0, 0.0008714321440108495)	(22.0, 0.0016212691051364645)	(23.0, 0.002938550253059841)	(24.0, 0.00478274386015257)	(25.0, 0.006809330241573149)	(26.0, 0.01072064195771487)	(27.0, 0.01738811115258858)	(28.0, 0.025757912907855576)	(29.0, 0.03672174523134091)	(30.0, 0.05315736078466182)	(31.0, 0.07149796753651808)	(32.0, 0.09174356548690968)	(33.0, 0.1180891884453772)	(34.0, 0.15067669745862017)	(35.0, 0.1893034338884964)	(36.0, 0.2297946297892796)	(37.0, 0.27954732545315486)	(38.0, 0.3359269585842754)	(39.0, 0.3944547732797017)	(40.0, 0.47264047587490776)	(41.0, 0.5618102766574133)	(42.0, 0.6568977096736669)	(43.0, 0.7747639736170878)	(44.0, 0.9179625673282661)	(45.0, 1.0703213314834652)	(46.0, 1.2482556157721922)	(47.0, 1.47490903667027)	(48.0, 1.7249695302737553)	(49.0, 2.027538877019848)	(50.0, 2.393074262636678)	(51.0, 2.790386522714183)	(52.0, 3.2218062315909957)	(53.0, 3.6910015106174887)	(54.0, 4.189136443170667)	(55.0, 4.655372906080286)	(56.0, 5.056089831278578)	(57.0, 5.380769235445968)	(58.0, 5.5958913798337635)	(59.0, 5.69841638486983)	(60.0, 5.673225916148772)	(61.0, 5.510754485950285)	(62.0, 5.250176009027227)	(63.0, 4.883465203309172)	(64.0, 4.407865911317391)	(65.0, 3.8790484609495044)	(66.0, 3.336815008736614)	(67.0, 2.8138949247386615)	(68.0, 2.3038031325351014)	(69.0, 1.8204622805662933)	(70.0, 1.384807006152311)	(71.0, 1.011590858149897)	(72.0, 0.727605308521431)	(73.0, 0.5099296652930465)	(74.0, 0.3409731586740127)	(75.0, 0.21935770992496362)	(76.0, 0.13205236861336503)	(77.0, 0.07536874752503138)	(78.0, 0.04422011484259706)	(79.0, 0.023143616475823026)	(80.0, 0.011632605829354131)	(81.0, 0.006302683646218005)	(82.0, 0.0034451968484149865)	(83.0, 0.001945522926163757)	(84.0, 0.0008916980078250554)	(85.0, 0.0006485076420545857)	(86.0, 0.00024319036577046964)	(87.0, 6.079759144261741e-05)	(88.0, 4.0531727628411606e-05)	(89.0, 4.0531727628411606e-05)	(90.0, 2.0265863814205803e-05)	(91.0, 4.0531727628411606e-05)	(92.0, 4.0531727628411606e-05)	(93.0, 4.0531727628411606e-05)	(94.0, 0.00010132931907102903)	(95.0, 6.079759144261741e-05)	(96.0, 4.0531727628411606e-05)	(97.0, 0.00018239277432785222)	(98.0, 0.00036478554865570443)	(99.0, 0.0004053172762841161)	(100.0, 0.00018239277432785222)
DRR898407_2	(0.0, 0.0)	(1.0, 0.0)	(2.0, 0.0)	(3.0, 0.0)	(4.0, 0.0)	(5.0, 0.0)	(6.0, 0.0)	(7.0, 0.0)	(8.0, 0.0)	(9.0, 2.0308110592284014e-05)	(10.0, 2.0308110592284014e-05)	(11.0, 0.0)	(12.0, 2.0308110592284014e-05)	(13.0, 2.0308110592284014e-05)	(14.0, 0.0)	(15.0, 0.0)	(16.0, 0.0)	(17.0, 8.123244236913606e-05)	(18.0, 0.00024369732710740818)	(19.0, 0.0004264703224379643)	(20.0, 0.0008123244236913605)	(21.0, 0.001259102856721609)	(22.0, 0.0018480380638978451)	(23.0, 0.0033102220265422942)	(24.0, 0.005401957417547548)	(25.0, 0.007818622578029346)	(26.0, 0.012123942023593556)	(27.0, 0.018155450869501908)	(28.0, 0.02696917086655317)	(29.0, 0.038483869572378204)	(30.0, 0.052780779429346156)	(31.0, 0.07158608983780115)	(32.0, 0.09500134135070462)	(33.0, 0.1217065067795581)	(34.0, 0.14977231561809462)	(35.0, 0.18319946565299408)	(36.0, 0.22657758987811275)	(37.0, 0.2745656552076799)	(38.0, 0.32958032680217725)	(39.0, 0.39759218917573647)	(40.0, 0.46832533836866164)	(41.0, 0.5524009162207175)	(42.0, 0.6526823663254159)	(43.0, 0.764519131357124)	(44.0, 0.9144742199705492)	(45.0, 1.073405493465764)	(46.0, 1.245171492855302)	(47.0, 1.4715866178486767)	(48.0, 1.745685186512734)	(49.0, 2.071041426311716)	(50.0, 2.4291546484960524)	(51.0, 2.812876398137259)	(52.0, 3.2627619720881267)	(53.0, 3.7571426163466883)	(54.0, 4.244374805676767)	(55.0, 4.696941050225816)	(56.0, 5.092725817558839)	(57.0, 5.421107965836072)	(58.0, 5.636231781340136)	(59.0, 5.688342393119937)	(60.0, 5.617690476369381)	(61.0, 5.456464386377238)	(62.0, 5.181370720294159)	(63.0, 4.808980896363447)	(64.0, 4.364781593378419)	(65.0, 3.855291714839197)	(66.0, 3.299539960370753)	(67.0, 2.765863122116121)	(68.0, 2.253327026988057)	(69.0, 1.781224380049231)	(70.0, 1.357434728209448)	(71.0, 0.97716535736893)	(72.0, 0.7006501235443907)	(73.0, 0.48867406518213025)	(74.0, 0.3157301953782396)	(75.0, 0.19436892647875031)	(76.0, 0.11467990051462784)	(77.0, 0.06626536486262274)	(78.0, 0.03876818312067019)	(79.0, 0.022988781190465504)	(80.0, 0.013240888106169177)	(81.0, 0.008265401011059595)	(82.0, 0.005808119629393228)	(83.0, 0.004244395113787359)	(84.0, 0.002924367925288898)	(85.0, 0.002741594929958342)	(86.0, 0.002721286819366058)	(87.0, 0.002497897602850934)	(88.0, 0.002396357049889514)	(89.0, 0.00237604893929723)	(90.0, 0.0020714272804129696)	(91.0, 0.0021526597227821053)	(92.0, 0.002660362487589206)	(93.0, 0.0025385138240355018)	(94.0, 0.0023354327181126615)	(95.0, 0.003066524699434886)	(96.0, 0.0040006977866799505)	(97.0, 0.004873946542148164)	(98.0, 0.008123244236913605)	(99.0, 0.018135142758909623)	(100.0, 0.22123655679234205)
DRR898409_1	(0.0, 0.0)	(1.0, 0.0)	(2.0, 0.0)	(3.0, 0.0)	(4.0, 0.0)	(5.0, 0.0)	(6.0, 0.0)	(7.0, 0.0)	(8.0, 0.0)	(9.0, 0.0)	(10.0, 0.0)	(11.0, 0.0)	(12.0, 0.0)	(13.0, 0.0)	(14.0, 0.0)	(15.0, 8.335119827349663e-05)	(16.0, 0.00018337263620169257)	(17.0, 0.00045009647067688173)	(18.0, 0.0009668738999725608)	(19.0, 0.001867066841326324)	(20.0, 0.0032673669723210677)	(21.0, 0.004884380218826902)	(22.0, 0.006584744663606233)	(23.0, 0.010735634337626363)	(24.0, 0.0173037087615779)	(25.0, 0.025772190506165152)	(26.0, 0.037458028504109384)	(27.0, 0.052727968027813966)	(28.0, 0.07118192332556611)	(29.0, 0.0959205589731399)	(30.0, 0.12644376778089436)	(31.0, 0.16171799489023814)	(32.0, 0.20636089668552293)	(33.0, 0.2522373962152555)	(34.0, 0.29522994428472504)	(35.0, 0.3480245932711578)	(36.0, 0.41457218997271744)	(37.0, 0.4918054102929395)	(38.0, 0.5727727642958141)	(39.0, 0.6608583106312453)	(40.0, 0.7347408127808727)	(41.0, 0.8170251157164685)	(42.0, 0.9264985795288789)	(43.0, 1.055409542778669)	(44.0, 1.2234955692170022)	(45.0, 1.3856970010572267)	(46.0, 1.5675026347313774)	(47.0, 1.8109381444089516)	(48.0, 2.0779120324789613)	(49.0, 2.362239640029513)	(50.0, 2.6772404885447116)	(51.0, 3.015029554667884)	(52.0, 3.4048964494723366)	(53.0, 3.821269025327762)	(54.0, 4.231957049460934)	(55.0, 4.637960736251136)	(56.0, 4.970715389998589)	(57.0, 5.190462489126836)	(58.0, 5.3043368962080875)	(59.0, 5.350696832687806)	(60.0, 5.294301411935958)	(61.0, 5.101393398651777)	(62.0, 4.79352741270879)	(63.0, 4.399476287751008)	(64.0, 3.9329596310142474)	(65.0, 3.4285515195423555)	(66.0, 2.9351624364822193)	(67.0, 2.4468577765167665)	(68.0, 1.9817414199110008)	(69.0, 1.554933274031734)	(70.0, 1.1674502234979032)	(71.0, 0.8352790281383643)	(72.0, 0.5892262908350023)	(73.0, 0.41382202918825606)	(74.0, 0.27565908293010805)	(75.0, 0.17413732343298916)	(76.0, 0.10718964097971666)	(77.0, 0.06273011182063357)	(78.0, 0.03520754615072497)	(79.0, 0.019520850635652908)	(80.0, 0.010485580742805875)	(81.0, 0.006301350589476344)	(82.0, 0.0035007503274868583)	(83.0, 0.0016336834861605338)	(84.0, 0.0007334905448067703)	(85.0, 0.0006001286275691757)	(86.0, 0.00040008575171278376)	(87.0, 0.00020004287585639188)	(88.0, 0.00015003215689229392)	(89.0, 0.00010002143792819594)	(90.0, 0.00010002143792819594)	(91.0, 0.0001333619172375946)	(92.0, 0.00010002143792819594)	(93.0, 5.001071896409797e-05)	(94.0, 5.001071896409797e-05)	(95.0, 5.001071896409797e-05)	(96.0, 0.00020004287585639188)	(97.0, 0.00020004287585639188)	(98.0, 0.0001333619172375946)	(99.0, 0.00021671311551109122)	(100.0, 0.00010002143792819594)
DRR898409_2	(0.0, 0.0)	(1.0, 0.0)	(2.0, 0.0)	(3.0, 0.0)	(4.0, 0.0)	(5.0, 0.0)	(6.0, 0.0)	(7.0, 0.0)	(8.0, 0.0)	(9.0, 0.0)	(10.0, 0.0)	(11.0, 0.0)	(12.0, 0.0)	(13.0, 0.0)	(14.0, 3.337662281312195e-05)	(15.0, 6.67532456262439e-05)	(16.0, 0.00010012986843936585)	(17.0, 0.0003337662281312195)	(18.0, 0.0009512337501739756)	(19.0, 0.0019024675003479511)	(20.0, 0.0030873376102137804)	(21.0, 0.004839610307902683)	(22.0, 0.006391623268712853)	(23.0, 0.010146493335189074)	(24.0, 0.016137597130144465)	(25.0, 0.024031168425447804)	(26.0, 0.034861882528305875)	(27.0, 0.04991473941702388)	(28.0, 0.07045805075850044)	(29.0, 0.09208610234140346)	(30.0, 0.12185804989070824)	(31.0, 0.15858902329654895)	(32.0, 0.1994920745540299)	(33.0, 0.24728739842242056)	(34.0, 0.2924793457113877)	(35.0, 0.3451309681990875)	(36.0, 0.40454135680644465)	(37.0, 0.48165804381616295)	(38.0, 0.5692216137663884)	(39.0, 0.6508942097900977)	(40.0, 0.7271097279838618)	(41.0, 0.8150404407850316)	(42.0, 0.9307238154553122)	(43.0, 1.0624947223215175)	(44.0, 1.2220516676796471)	(45.0, 1.3802735481252517)	(46.0, 1.5626434151761501)	(47.0, 1.8075443850674326)	(48.0, 2.0719539909929847)	(49.0, 2.3671201548408285)	(50.0, 2.707628460780299)	(51.0, 3.0431302732978005)	(52.0, 3.4019122802274553)	(53.0, 3.813362597956216)	(54.0, 4.235476746673769)	(55.0, 4.632842129575392)	(56.0, 4.969445370645728)	(57.0, 5.191817120138153)	(58.0, 5.287574650988999)	(59.0, 5.301359196210819)	(60.0, 5.244635625739917)	(61.0, 5.084527966105372)	(62.0, 4.775644010281336)	(63.0, 4.382283822117286)	(64.0, 3.936755972496328)	(65.0, 3.425609682424772)	(66.0, 2.9203209896569184)	(67.0, 2.4481752833424952)	(68.0, 1.9876613300784451)	(69.0, 1.558688285372795)	(70.0, 1.1710354997097903)	(71.0, 0.8433771935533722)	(72.0, 0.6022477820399724)	(73.0, 0.4189266812389002)	(74.0, 0.2774598654454828)	(75.0, 0.17599493209359207)	(76.0, 0.10795668648904296)	(77.0, 0.06359915477040388)	(78.0, 0.03704805132256537)	(79.0, 0.021661428205716145)	(80.0, 0.012966817962897878)	(81.0, 0.008627856997192025)	(82.0, 0.00599110379495539)	(83.0, 0.00377155837788278)	(84.0, 0.002336363596918537)	(85.0, 0.002136103860039805)	(86.0, 0.0018690908775348294)	(87.0, 0.0016354545178429757)	(88.0, 0.0017689610090954634)	(89.0, 0.0018690908775348294)	(90.0, 0.0017856493205020245)	(91.0, 0.0017188960748757804)	(92.0, 0.0016354545178429757)	(93.0, 0.001585389583623293)	(94.0, 0.0017522726976889026)	(95.0, 0.0019024675003479511)	(96.0, 0.002319675285511976)	(97.0, 0.003788246689289341)	(98.0, 0.006575194694185025)	(99.0, 0.014051558204324343)	(100.0, 0.11830343956111075)
DRR898410_1	(0.0, 0.0)	(1.0, 0.0)	(2.0, 0.0)	(3.0, 0.0)	(4.0, 0.0)	(5.0, 0.0)	(6.0, 0.0)	(7.0, 0.0)	(8.0, 0.0)	(9.0, 0.0)	(10.0, 0.0)	(11.0, 0.0)	(12.0, 0.0)	(13.0, 0.0)	(14.0, 0.0)	(15.0, 0.0)	(16.0, 2.340473885109414e-05)	(17.0, 0.00016383317195765894)	(18.0, 0.0003744758216175062)	(19.0, 0.0005851184712773533)	(20.0, 0.0013223677450868187)	(21.0, 0.002551116534769261)	(22.0, 0.003463901349961932)	(23.0, 0.00486818568102758)	(24.0, 0.007711861451435518)	(25.0, 0.01205344050831348)	(26.0, 0.01940252850755704)	(27.0, 0.027839936863376477)	(28.0, 0.03826674802153891)	(29.0, 0.0530585429754304)	(30.0, 0.07233234541930643)	(31.0, 0.0953977155570597)	(32.0, 0.12081526194934794)	(33.0, 0.1496967096915981)	(34.0, 0.18323570046521598)	(35.0, 0.22387802948014096)	(36.0, 0.27021941240530734)	(37.0, 0.3212885525783948)	(38.0, 0.37394921499335654)	(39.0, 0.43177062232498464)	(40.0, 0.49943372234349775)	(41.0, 0.5910515725761057)	(42.0, 0.6950037201832404)	(43.0, 0.8117816646807746)	(44.0, 0.9518239195962964)	(45.0, 1.1102271921405016)	(46.0, 1.2917543466695875)	(47.0, 1.508646061602677)	(48.0, 1.776056905345853)	(49.0, 2.064695847226971)	(50.0, 2.3702096058197286)	(51.0, 2.7311808931201536)	(52.0, 3.137381838250318)	(53.0, 3.531669771305275)	(54.0, 3.916361761431284)	(55.0, 4.312194407250414)	(56.0, 4.686728740715047)	(57.0, 5.009796053446125)	(58.0, 5.26572687278284)	(59.0, 5.405593592156978)	(60.0, 5.454883972177383)	(61.0, 5.390907118527917)	(62.0, 5.197583975617879)	(63.0, 4.939429706090311)	(64.0, 4.570173141236598)	(65.0, 4.09712826194771)	(66.0, 3.5671396530341086)	(67.0, 3.0347988678659723)	(68.0, 2.5229372291925434)	(69.0, 2.0320579388991207)	(70.0, 1.5686441096474566)	(71.0, 1.14442151560195)	(72.0, 0.8209095128327013)	(73.0, 0.5814439272777316)	(74.0, 0.3851717872724562)	(75.0, 0.24709553042042634)	(76.0, 0.15303188497787903)	(77.0, 0.0886337460290935)	(78.0, 0.055071350516624505)	(79.0, 0.03305919362717047)	(80.0, 0.017155673577852002)	(81.0, 0.008718265222032565)	(82.0, 0.00458732881481445)	(83.0, 0.0015798198724488541)	(84.0, 0.0005383089935751652)	(85.0, 0.0003042616050642238)	(86.0, 0.00017553554138320603)	(87.0, 4.680947770218828e-05)	(88.0, 2.340473885109414e-05)	(89.0, 4.680947770218828e-05)	(90.0, 4.680947770218828e-05)	(91.0, 7.02142165532824e-05)	(92.0, 9.361895540437655e-05)	(93.0, 5.851184712773534e-05)	(94.0, 0.00010532132482992361)	(95.0, 0.00012872606368101775)	(96.0, 5.851184712773534e-05)	(97.0, 2.340473885109414e-05)	(98.0, 3.51071082766412e-05)	(99.0, 5.851184712773534e-05)	(100.0, 3.51071082766412e-05)
DRR898410_2	(0.0, 0.0)	(1.0, 0.0)	(2.0, 0.0)	(3.0, 0.0)	(4.0, 0.0)	(5.0, 0.0)	(6.0, 0.0)	(7.0, 0.0)	(8.0, 0.0)	(9.0, 0.0)	(10.0, 0.0)	(11.0, 0.0)	(12.0, 0.0)	(13.0, 0.0)	(14.0, 0.0)	(15.0, 0.0)	(16.0, 0.0)	(17.0, 8.21733199664733e-05)	(18.0, 0.00025825900560891605)	(19.0, 0.00041086659983236647)	(20.0, 0.0009391236567596946)	(21.0, 0.002054332999161832)	(22.0, 0.0031578032958544736)	(23.0, 0.0046838792380889775)	(24.0, 0.006984732197150229)	(25.0, 0.011586438115272733)	(26.0, 0.018864646455160367)	(27.0, 0.027539801234478047)	(28.0, 0.0393844983553597)	(29.0, 0.05418743499503438)	(30.0, 0.07345120900431762)	(31.0, 0.09591974249229332)	(32.0, 0.12307215521835799)	(33.0, 0.15368758642872404)	(34.0, 0.18552387839287768)	(35.0, 0.2224079600121147)	(36.0, 0.26524373780606625)	(37.0, 0.3165433675565646)	(38.0, 0.3748864247327606)	(39.0, 0.4372559745873138)	(40.0, 0.5041567960857326)	(41.0, 0.5939722348090879)	(42.0, 0.7020771067478383)	(43.0, 0.8177654022149231)	(44.0, 0.9522479098629114)	(45.0, 1.1109950249924283)	(46.0, 1.2984206287902442)	(47.0, 1.522648140887331)	(48.0, 1.7755306635612977)	(49.0, 2.068666373973127)	(50.0, 2.3921005613611657)	(51.0, 2.730995071948611)	(52.0, 3.1404999424786757)	(53.0, 3.5430083417658813)	(54.0, 3.9180356350471555)	(55.0, 4.323384883396058)	(56.0, 4.697625660614797)	(57.0, 5.009179933744826)	(58.0, 5.254995550901676)	(59.0, 5.392894120851128)	(60.0, 5.4366807613475485)	(61.0, 5.368570818141052)	(62.0, 5.162656217350779)	(63.0, 4.892329472752501)	(64.0, 4.512183955541886)	(65.0, 4.035191311227928)	(66.0, 3.5081785931458063)	(67.0, 2.982551082457405)	(68.0, 2.474673008881762)	(69.0, 1.983969159179112)	(70.0, 1.528588098016336)	(71.0, 1.1179797571895786)	(72.0, 0.8030681169866339)	(73.0, 0.564659837672476)	(74.0, 0.3790655250053413)	(75.0, 0.24396084793474968)	(76.0, 0.15123412587543933)	(77.0, 0.0883128408725398)	(78.0, 0.05542003479453148)	(79.0, 0.03369106118625405)	(80.0, 0.01913464450647878)	(81.0, 0.011891653303719635)	(82.0, 0.00763037971117252)	(83.0, 0.004836486832312428)	(84.0, 0.0036860603527818017)	(85.0, 0.00356866989568684)	(86.0, 0.0034395403928823816)	(87.0, 0.0034395403928823816)	(88.0, 0.0034043232557538932)	(89.0, 0.0033808451643349007)	(90.0, 0.003509974667139359)	(91.0, 0.0036860603527818017)	(92.0, 0.003862146038424244)	(93.0, 0.003932580312681221)	(94.0, 0.004249534546837618)	(95.0, 0.004977355380826382)	(96.0, 0.006303867545999451)	(97.0, 0.01021296976726168)	(98.0, 0.01932246923783072)	(99.0, 0.04228404264560526)	(100.0, 0.342956220402931)
DRR898411_1	(0.0, 0.0)	(1.0, 0.0)	(2.0, 0.0)	(3.0, 0.0)	(4.0, 0.0)	(5.0, 0.0)	(6.0, 0.0)	(7.0, 0.0)	(8.0, 0.0)	(9.0, 0.0)	(10.0, 0.0)	(11.0, 0.0)	(12.0, 0.0)	(13.0, 0.0)	(14.0, 0.0)	(15.0, 0.0)	(16.0, 0.0)	(17.0, 4.633357766573289e-05)	(18.0, 4.633357766573289e-05)	(19.0, 0.0003706686213258631)	(20.0, 0.0008803379756489248)	(21.0, 0.0011120058639775892)	(22.0, 0.0014363409076377197)	(23.0, 0.0027800146599439735)	(24.0, 0.006208699407208207)	(25.0, 0.009961719198132572)	(26.0, 0.012834401013408011)	(27.0, 0.019738104085602212)	(28.0, 0.03178483427869276)	(29.0, 0.04318289438446305)	(30.0, 0.0567586326405228)	(31.0, 0.08085209302670389)	(32.0, 0.10726223229617164)	(33.0, 0.127324671425434)	(34.0, 0.15243747052026121)	(35.0, 0.1876509895462182)	(36.0, 0.22601519185344504)	(37.0, 0.2780477995720631)	(38.0, 0.3386521191588417)	(39.0, 0.4000441095659378)	(40.0, 0.47093448339450905)	(41.0, 0.5599876196680477)	(42.0, 0.6673425191195509)	(43.0, 0.798790878957235)	(44.0, 0.9402009579930518)	(45.0, 1.0979667899448722)	(46.0, 1.2965061702425378)	(47.0, 1.5273863877508846)	(48.0, 1.8048781843909592)	(49.0, 2.1240238673525274)	(50.0, 2.455355281240183)	(51.0, 2.8318619333519286)	(52.0, 3.2687875707397893)	(53.0, 3.6686926795727306)	(54.0, 4.067949118318351)	(55.0, 4.496766379614709)	(56.0, 4.859558292737397)	(57.0, 5.131490060057583)	(58.0, 5.3022292937558095)	(59.0, 5.420565251114091)	(60.0, 5.425847278967985)	(61.0, 5.309503665449329)	(62.0, 5.142795453008022)	(63.0, 4.87396803539144)	(64.0, 4.44853312526468)	(65.0, 3.9664785832303955)	(66.0, 3.4903547391373246)	(67.0, 2.9791563767512934)	(68.0, 2.4660583376809675)	(69.0, 1.9823821204283818)	(70.0, 1.5355874309977195)	(71.0, 1.1352189863881215)	(72.0, 0.8162123041595507)	(73.0, 0.5726366863707928)	(74.0, 0.3894800538581507)	(75.0, 0.2502013193949576)	(76.0, 0.14928678723899136)	(77.0, 0.08316877190999054)	(78.0, 0.04837225508302514)	(79.0, 0.027800146599439735)	(80.0, 0.013807406144388402)	(81.0, 0.008154709669168989)	(82.0, 0.004355356300578892)	(83.0, 0.0018996766842950487)	(84.0, 0.0008803379756489248)	(85.0, 0.0006950036649859934)	(86.0, 0.0002780014659943973)	(87.0, 4.633357766573289e-05)	(88.0, 4.633357766573289e-05)	(89.0, 0.0)	(90.0, 0.0)	(91.0, 0.0)	(92.0, 0.0)	(93.0, 0.0)	(94.0, 0.0)	(95.0, 0.0)	(96.0, 0.0)	(97.0, 0.0)	(98.0, 0.0)	(99.0, 0.0)	(100.0, 9.266715533146577e-05)
DRR898411_2	(0.0, 0.0)	(1.0, 0.0)	(2.0, 0.0)	(3.0, 0.0)	(4.0, 0.0)	(5.0, 0.0)	(6.0, 0.0)	(7.0, 0.0)	(8.0, 4.633370647411614e-05)	(9.0, 4.633370647411614e-05)	(10.0, 0.0)	(11.0, 4.633370647411614e-05)	(12.0, 4.633370647411614e-05)	(13.0, 0.0)	(14.0, 4.633370647411614e-05)	(15.0, 4.633370647411614e-05)	(16.0, 0.0)	(17.0, 0.0002780022388446968)	(18.0, 0.00032433594531881295)	(19.0, 9.266741294823228e-05)	(20.0, 0.0012510100748011357)	(21.0, 0.00203868308486111)	(22.0, 0.0018996819654387616)	(23.0, 0.0032433594531881297)	(24.0, 0.006255050374005679)	(25.0, 0.010378750250202014)	(26.0, 0.017004470276000622)	(27.0, 0.02451053072480744)	(28.0, 0.03261892935777776)	(29.0, 0.047862718787761965)	(30.0, 0.06699853956157194)	(31.0, 0.08460534802173607)	(32.0, 0.10517751369624365)	(33.0, 0.1338117442972474)	(34.0, 0.1713420465412815)	(35.0, 0.20706533423282503)	(36.0, 0.24399329829269556)	(37.0, 0.28884432615964)	(38.0, 0.3488001423371463)	(39.0, 0.413713665107383)	(40.0, 0.4830752236991348)	(41.0, 0.5687462469697756)	(42.0, 0.6671127058143241)	(43.0, 0.7996271063302963)	(44.0, 0.9614244093379098)	(45.0, 1.1248897257785917)	(46.0, 1.3086955393614104)	(47.0, 1.5457851153894626)	(48.0, 1.8342587718973098)	(49.0, 2.155166022937038)	(50.0, 2.492799742013922)	(51.0, 2.8459089190531617)	(52.0, 3.2460468081636287)	(53.0, 3.6539224262552725)	(54.0, 4.05406031536574)	(55.0, 4.487975476495838)	(56.0, 4.862861495577911)	(57.0, 5.1065767916317615)	(58.0, 5.276621494391768)	(59.0, 5.396718461572677)	(60.0, 5.429708060582248)	(61.0, 5.327542237806822)	(62.0, 5.117743214892024)	(63.0, 4.815045110496623)	(64.0, 4.415370558450897)	(65.0, 3.9478171264205915)	(66.0, 3.4537608142870915)	(67.0, 2.95947283362122)	(68.0, 2.442852006434825)	(69.0, 1.9539387357199518)	(70.0, 1.5186335633956307)	(71.0, 1.1263724043857635)	(72.0, 0.8119982059588853)	(73.0, 0.5743989591596178)	(74.0, 0.38948113662142025)	(75.0, 0.25284303622925175)	(76.0, 0.15438390997175497)	(77.0, 0.08970205573388884)	(78.0, 0.055044443291249974)	(79.0, 0.03442594391026829)	(80.0, 0.018070145524905292)	(81.0, 0.010332416543727898)	(82.0, 0.005374709950997472)	(83.0, 0.0025946875625505036)	(84.0, 0.0019923493783869936)	(85.0, 0.001390011194223484)	(86.0, 0.0008803404230082067)	(87.0, 0.00032433594531881295)	(88.0, 0.0005560044776893936)	(89.0, 0.0007413393035858582)	(90.0, 0.00046333706474116135)	(91.0, 0.00041700335826704525)	(92.0, 0.00032433594531881295)	(93.0, 0.00018533482589646455)	(94.0, 4.633370647411614e-05)	(95.0, 9.266741294823228e-05)	(96.0, 0.0001390011194223484)	(97.0, 9.266741294823228e-05)	(98.0, 4.633370647411614e-05)	(99.0, 0.00018533482589646455)	(100.0, 0.0005560044776893936)
DRR898421_1	(0.0, 0.0)	(1.0, 0.0)	(2.0, 0.0)	(3.0, 0.0)	(4.0, 0.0)	(5.0, 0.0)	(6.0, 0.0)	(7.0, 0.0)	(8.0, 0.0)	(9.0, 0.0)	(10.0, 0.0)	(11.0, 0.0)	(12.0, 0.0)	(13.0, 0.0)	(14.0, 0.0)	(15.0, 2.239597517450944e-05)	(16.0, 8.958390069803776e-05)	(17.0, 0.00047031547866469817)	(18.0, 0.0009182349821548869)	(19.0, 0.0018812619146587927)	(20.0, 0.0035385640775724915)	(21.0, 0.005016698439090114)	(22.0, 0.00716671205584302)	(23.0, 0.010324544555448852)	(24.0, 0.013213625352960568)	(25.0, 0.017289692834721287)	(26.0, 0.02631527083004859)	(27.0, 0.03818513767253859)	(28.0, 0.05128678314962661)	(29.0, 0.06803897258015967)	(30.0, 0.09059171958089067)	(31.0, 0.11869866842490003)	(32.0, 0.15202387948457008)	(33.0, 0.19307570197944587)	(34.0, 0.23538169908409423)	(35.0, 0.2866460862585463)	(36.0, 0.34718240715524534)	(37.0, 0.4208427695042069)	(38.0, 0.4989375349377213)	(39.0, 0.567245259219975)	(40.0, 0.6404800980406209)	(41.0, 0.730825461894592)	(42.0, 0.8441267003024352)	(43.0, 0.9753895108002351)	(44.0, 1.120896161509023)	(45.0, 1.2962118551750827)	(46.0, 1.4983803230753794)	(47.0, 1.7419365530981694)	(48.0, 2.0105314833660612)	(49.0, 2.3097417116975074)	(50.0, 2.667450227184772)	(51.0, 3.0311160720684565)	(52.0, 3.4314441283128128)	(53.0, 3.8534290925509196)	(54.0, 4.2690759958146405)	(55.0, 4.681789026330501)	(56.0, 5.001782719623891)	(57.0, 5.233872210357332)	(58.0, 5.379714800693738)	(59.0, 5.421572878294896)	(60.0, 5.370554846847363)	(61.0, 5.1784197758252475)	(62.0, 4.890474723006579)	(63.0, 4.526876066048419)	(64.0, 4.068945561655224)	(65.0, 3.5554506428540718)	(66.0, 3.0429635429357718)	(67.0, 2.566466775122909)	(68.0, 2.0854012283744465)	(69.0, 1.615914400791205)	(70.0, 1.2070534780053608)	(71.0, 0.8701508234552152)	(72.0, 0.6108950148350939)	(73.0, 0.4185583800364069)	(74.0, 0.2785611392205484)	(75.0, 0.17670424412687946)	(76.0, 0.10481316381670416)	(77.0, 0.05917016641105394)	(78.0, 0.034489801768744534)	(79.0, 0.021029820688864363)	(80.0, 0.010974027835509624)	(81.0, 0.004994302463915605)	(82.0, 0.0027771009216391706)	(83.0, 0.001478134361517623)	(84.0, 0.0007838591311078304)	(85.0, 0.0006494832800607737)	(86.0, 0.00038073157796666046)	(87.0, 0.00017916780139607552)	(88.0, 8.958390069803776e-05)	(89.0, 6.718792552352832e-05)	(90.0, 8.958390069803776e-05)	(91.0, 4.479195034901888e-05)	(92.0, 0.0)	(93.0, 0.0)	(94.0, 4.479195034901888e-05)	(95.0, 6.718792552352832e-05)	(96.0, 8.958390069803776e-05)	(97.0, 6.718792552352832e-05)	(98.0, 6.718792552352832e-05)	(99.0, 8.958390069803776e-05)	(100.0, 2.239597517450944e-05)
DRR898421_2	(0.0, 0.0)	(1.0, 0.0)	(2.0, 0.0)	(3.0, 0.0)	(4.0, 0.0)	(5.0, 0.0)	(6.0, 0.0)	(7.0, 0.0)	(8.0, 0.0)	(9.0, 0.0)	(10.0, 0.0)	(11.0, 0.0)	(12.0, 0.0)	(13.0, 0.0)	(14.0, 6.724390327547295e-05)	(15.0, 0.0001344878065509459)	(16.0, 0.0002689756131018918)	(17.0, 0.0006500243983295718)	(18.0, 0.0010759024524075672)	(19.0, 0.002241463442515765)	(20.0, 0.004281195175205111)	(21.0, 0.006500243983295718)	(22.0, 0.008719292791386325)	(23.0, 0.011991829417459342)	(24.0, 0.014636756279627945)	(25.0, 0.0177299758302997)	(26.0, 0.024745756405374044)	(27.0, 0.03498924433767109)	(28.0, 0.05052258599430534)	(29.0, 0.07038195209499501)	(30.0, 0.09317763530538034)	(31.0, 0.1206131478417733)	(32.0, 0.1525764165320481)	(33.0, 0.1886191486877016)	(34.0, 0.2292344662660873)	(35.0, 0.2819985157029084)	(36.0, 0.3435939311032416)	(37.0, 0.420005419858604)	(38.0, 0.49509444518288215)	(39.0, 0.5578554215733236)	(40.0, 0.6302322761321576)	(41.0, 0.7236564724162147)	(42.0, 0.8364020835747576)	(43.0, 0.9677742559406066)	(44.0, 1.1241835749593567)	(45.0, 1.286891406251576)	(46.0, 1.48795067704524)	(47.0, 1.7379410947890233)	(48.0, 1.9965387321520671)	(49.0, 2.30263297986202)	(50.0, 2.6526599110452818)	(51.0, 3.008559476447935)	(52.0, 3.4040432862454164)	(53.0, 3.8265815597940636)	(54.0, 4.266468760387783)	(55.0, 4.682551619221983)	(56.0, 5.007205184235967)	(57.0, 5.2389052602888215)	(58.0, 5.37523106686263)	(59.0, 5.411161725846158)	(60.0, 5.356021725160271)	(61.0, 5.182173820558748)	(62.0, 4.8919267193873806)	(63.0, 4.532283910035726)	(64.0, 4.0910742460109235)	(65.0, 3.5817240933336407)	(66.0, 3.064752964951805)	(67.0, 2.564816958733089)	(68.0, 2.0811763917414625)	(69.0, 1.6198159713684424)	(70.0, 1.2043383076637204)	(71.0, 0.8652721327143607)	(72.0, 0.6096108124610126)	(73.0, 0.41980368814877755)	(74.0, 0.27767249125885296)	(75.0, 0.1779273680669014)	(76.0, 0.10689539157357682)	(77.0, 0.06040743977579986)	(78.0, 0.035773756542551605)	(79.0, 0.021854268564528705)	(80.0, 0.012641853815788912)	(81.0, 0.006858878134098241)	(82.0, 0.00410187809980385)	(83.0, 0.0023087073457912378)	(84.0, 0.0015466097753358778)	(85.0, 0.0014569512376352471)	(86.0, 0.0013672926999346165)	(87.0, 0.0015017805064855626)	(88.0, 0.0011879756245333553)	(89.0, 0.0010086585491320941)	(90.0, 0.001210390258958513)	(91.0, 0.0011879756245333553)	(92.0, 0.0010759024524075672)	(93.0, 0.0010086585491320941)	(94.0, 0.0013448780655094588)	(95.0, 0.0016810975818868236)	(96.0, 0.0023311219802163957)	(97.0, 0.003362195163773647)	(98.0, 0.004841561035834052)	(99.0, 0.01152112209453103)	(100.0, 0.09185517187429604)
DRR898438_1	(0.0, 0.0)	(1.0, 0.0)	(2.0, 0.0)	(3.0, 0.0)	(4.0, 0.0)	(5.0, 0.0)	(6.0, 0.0)	(7.0, 0.0)	(8.0, 0.0)	(9.0, 0.0)	(10.0, 0.0)	(11.0, 0.0)	(12.0, 0.0)	(13.0, 0.0)	(14.0, 0.0)	(15.0, 0.0)	(16.0, 3.935044999207089e-05)	(17.0, 0.00017707702496431898)	(18.0, 0.00039350449992070887)	(19.0, 0.0005312310748929569)	(20.0, 0.0009247355748136657)	(21.0, 0.0019281720496114733)	(22.0, 0.003384138699318096)	(23.0, 0.005509062998889924)	(24.0, 0.009483458448089083)	(25.0, 0.014697393072038474)	(26.0, 0.021996901545567625)	(27.0, 0.031677112243617064)	(28.0, 0.043895426966155074)	(29.0, 0.060481641637812944)	(30.0, 0.08369840713313477)	(31.0, 0.1084695154031434)	(32.0, 0.13575905247264455)	(33.0, 0.16836090029107528)	(34.0, 0.20357955303397873)	(35.0, 0.24723887730018138)	(36.0, 0.29870926588981006)	(37.0, 0.35305223732886)	(38.0, 0.410799022692224)	(39.0, 0.47865887370355026)	(40.0, 0.5464793742648845)	(41.0, 0.6291153192482333)	(42.0, 0.7345351747769912)	(43.0, 0.8609288201515228)	(44.0, 1.017032055270068)	(45.0, 1.1809070042620473)	(46.0, 1.3652638624748994)	(47.0, 1.583166979305992)	(48.0, 1.835226286730202)	(49.0, 2.1349193138698137)	(50.0, 2.4522806930558656)	(51.0, 2.7897108017378733)	(52.0, 3.2067862212038327)	(53.0, 3.668937581135709)	(54.0, 4.108403406647157)	(55.0, 4.537441362910705)	(56.0, 4.905938651861454)	(57.0, 5.212203204149741)	(58.0, 5.427214062906416)	(59.0, 5.505226330015697)	(60.0, 5.482953975320185)	(61.0, 5.375251793691887)	(62.0, 5.142198753613847)	(63.0, 4.791192739684575)	(64.0, 4.356763771772112)	(65.0, 3.856403124897935)	(66.0, 3.332314156678539)	(67.0, 2.812278284808326)	(68.0, 2.3030047610109445)	(69.0, 1.8294811210313595)	(70.0, 1.381712350571585)	(71.0, 0.985374618251447)	(72.0, 0.7060454489827318)	(73.0, 0.482948072752686)	(74.0, 0.31189166663715384)	(75.0, 0.1963587454604337)	(76.0, 0.11626090450157342)	(77.0, 0.06675803841154826)	(78.0, 0.03927174909208674)	(79.0, 0.02158372182065088)	(80.0, 0.010939425097795706)	(81.0, 0.006610875598667908)	(82.0, 0.0034234891493101667)	(83.0, 0.0014362914247105874)	(84.0, 0.000668957649865205)	(85.0, 0.00035415404992863796)	(86.0, 0.00013772657497224808)	(87.0, 5.902567498810633e-05)	(88.0, 5.902567498810633e-05)	(89.0, 9.837612498017722e-05)	(90.0, 0.00017707702496431898)	(91.0, 0.00013772657497224808)	(92.0, 9.837612498017722e-05)	(93.0, 0.00015740179996828356)	(94.0, 0.00013772657497224808)	(95.0, 7.870089998414178e-05)	(96.0, 3.935044999207089e-05)	(97.0, 1.9675224996035445e-05)	(98.0, 1.9675224996035445e-05)	(99.0, 7.870089998414178e-05)	(100.0, 5.902567498810633e-05)
DRR898438_2	(0.0, 0.0)	(1.0, 0.0)	(2.0, 0.0)	(3.0, 0.0)	(4.0, 0.0)	(5.0, 0.0)	(6.0, 0.0)	(7.0, 0.0)	(8.0, 0.0)	(9.0, 0.0)	(10.0, 0.0)	(11.0, 0.0)	(12.0, 0.0)	(13.0, 0.0)	(14.0, 1.9735469711086537e-05)	(15.0, 3.9470939422173074e-05)	(16.0, 3.9470939422173074e-05)	(17.0, 0.00013814828797760576)	(18.0, 0.0003947093942217307)	(19.0, 0.0005723286216215097)	(20.0, 0.001105186303820846)	(21.0, 0.0025261401230190768)	(22.0, 0.004124713169617086)	(23.0, 0.006492969534947471)	(24.0, 0.010065089552654134)	(25.0, 0.01511736979869229)	(26.0, 0.021472191045662156)	(27.0, 0.030826803688717177)	(28.0, 0.04570734785087643)	(29.0, 0.05914720272412635)	(30.0, 0.07994838779961157)	(31.0, 0.1073017488191775)	(32.0, 0.13481299359643215)	(33.0, 0.16927112371198924)	(34.0, 0.2074592576029417)	(35.0, 0.2511535875432873)	(36.0, 0.3018342737613575)	(37.0, 0.3522978698126058)	(38.0, 0.4053665478657175)	(39.0, 0.4714803713978574)	(40.0, 0.5436332486615898)	(41.0, 0.6257328026597098)	(42.0, 0.7361330202235279)	(43.0, 0.8681435771209858)	(44.0, 1.0186067981983096)	(45.0, 1.1634454104079737)	(46.0, 1.3360123575617142)	(47.0, 1.5611940669652116)	(48.0, 1.8236363431832405)	(49.0, 2.118385583318318)	(50.0, 2.4370936836826544)	(51.0, 2.7939899179379437)	(52.0, 3.194422598375889)	(53.0, 3.641411251862288)	(54.0, 4.085755352407402)	(55.0, 4.512080969106293)	(56.0, 4.874246573774442)	(57.0, 5.153977121459382)	(58.0, 5.364376964049276)	(59.0, 5.472586544475163)	(60.0, 5.467711883456525)	(61.0, 5.341641702942105)	(62.0, 5.09307346193097)	(63.0, 4.768168424077352)	(64.0, 4.36980796795907)	(65.0, 3.8644220595975662)	(66.0, 3.3319985577318736)	(67.0, 2.8108242736015)	(68.0, 2.2957482496118526)	(69.0, 1.8127028929632985)	(70.0, 1.369917894525361)	(71.0, 0.9891614773893683)	(72.0, 0.7015959482291265)	(73.0, 0.48764372109123727)	(74.0, 0.32156974347244405)	(75.0, 0.2065711614659428)	(76.0, 0.12636621256008712)	(77.0, 0.07262652853679846)	(78.0, 0.04464163248647775)	(79.0, 0.026603413170544654)	(80.0, 0.015946259526557923)	(81.0, 0.011900488235785182)	(82.0, 0.008407310096922865)	(83.0, 0.006335085777258779)	(84.0, 0.0051509575945935865)	(85.0, 0.00461809991239425)	(86.0, 0.004756248200371856)	(87.0, 0.004440480684994471)	(88.0, 0.004223390518172519)	(89.0, 0.004223390518172519)	(90.0, 0.004144448639328173)	(91.0, 0.004894396488349462)	(92.0, 0.004815454609505115)	(93.0, 0.003907623002795135)	(94.0, 0.003966829411928394)	(95.0, 0.004460216154705558)	(96.0, 0.00570355074650401)	(97.0, 0.008742813082011336)	(98.0, 0.01578837576886923)	(99.0, 0.03570146470735555)	(100.0, 0.3314966847371206)
